NaturalId,Name
PG-241h,PG-241h
NL-534a,NL-534a
NL-044b,NL-044b
DX-325b,DX-325b
SO-838c,SO-838c
PG-710f,PG-710f
CC-558a,CC-558a
YA-462a,YA-462a
XS-804h,XS-804h
EX-389b,EX-389b
PG-502f,PG-502f
GM-332a,GM-332a
PG-971h,PG-971h
EX-326c,EX-326c
GY-110a,GY-110a
VH-043b,VH-043b
NL-534b,NL-534b
MG-630b,MG-630b
NL-743e,NL-743e
MG-630g,MG-630g
HM-049g,HM-049g
IY-112e,IY-112e
YW-650a,YW-650a
YI-265i,YI-265i
NL-044e,NL-044e
BI-805a,BI-805a
YA-997a,YA-997a
YI-280a,YI-280a
GM-332f,GM-332f
LS-227b,LS-227b
ZV-639a,ZV-639a
FW-918a,FW-918a
NL-534d,NL-534d
GH-527a,GH-527a
BI-805c,BI-805c
YA-997d,YA-997d
NL-743a,NL-743a
NL-044d,NL-044d
LA-236b,LA-236b
XS-804c,XS-804c
EX-071a,EX-071a
MG-630a,MG-630a
GM-332g,GM-332g
EX-389c,EX-389c
VI-291f,VI-291f
AU-130a,AU-130a
KW-689f,KW-689f
PG-241g,PG-241g
PG-502d,PG-502d
PG-971c,PG-971c
PG-973c,PG-973c
YA-462d,YA-462d
EY-430a,EY-430a
MG-630d,MG-630d
YI-265d,YI-265d
YA-997f,YA-997f
GM-332e,GM-332e
AU-130b,AU-130b
LS-227j,LS-227j
XU-112e,XU-112e
YP-225a,YP-225a
LG-093a,LG-093a
GY-110d,GY-110d
XG-751a,XG-751a
XG-287h,XG-287h
YI-265c,YI-265c
YA-997b,YA-997b
YI-683c,Arcadia
BI-805b,BI-805b
AU-130c,AU-130c
PD-754d,Ashland
RC-040c,Ironforge
NL-534c,NL-534c
PG-971b,PG-971b
NL-044c,NL-044c
SL-620a,SL-620a
VH-778c,Kinngait
LS-014a,Volta
ZV-896a,ZV-896a
MG-885a,MG-885a
MG-885h,MG-885h
OT-823b,OT-823b
OT-680f,OT-680f
MG-630f,MG-630f
NL-534h,NL-534h
YI-280i,YI-280i
MG-630j,MG-630j
YA-997e,YA-997e
GM-332b,GM-332b
NL-743b,NL-743b
NL-044g,NL-044g
BI-805d,BI-805d
AU-130d,AU-130d
CC-558b,CC-558b
JS-637d,JS-637d
MG-885f,MG-885f
NJ-553h,NJ-553h
OT-680d,OT-680d
KW-689h,KW-689h
PG-971e,PG-971e
OT-113d,OT-113d
NL-534e,NL-534e
MG-630c,MG-630c
HM-049c,HM-049c
DX-325a,DX-325a
YA-997c,YA-997c
YI-280g,YI-280g
NJ-553a,NJ-553a
JS-637c,JS-637c
SE-052c,SE-052c
XS-804g,XS-804g
GM-332h,GM-332h
EX-071b,EX-071b
UQ-328d,UQ-328d
LG-298b,LG-298b
NG-164c,NG-164c
HY-608a,HY-608a
EM-929a,EM-929a
RC-659c,RC-659c
NJ-553f,NJ-553f
NL-534f,NL-534f
NL-044f,NL-044f
DX-325d,DX-325d
YA-997g,YA-997g
JS-637f,JS-637f
EM-929f,EM-929f
WX-318d,WX-318d
MG-630e,MG-630e
LA-236a,LA-236a
UQ-328c,UQ-328c
XS-804a,XS-804a
LG-150a,LG-150a
WX-556a,WX-556a
MG-885d,MG-885d
EE-233g,EE-233g
UQ-328a,UQ-328a
JY-136c,JY-136c
YI-280c,YI-280c
IV-524a,IV-524a
NL-534g,NL-534g
NL-743f,NL-743f
NJ-553b,NJ-553b
EM-929e,EM-929e
RC-659a,RC-659a
NL-044h,NL-044h
LA-236c,LA-236c
SE-052d,SE-052d
EX-071d,EX-071d
SO-245i,SO-245i
LG-150b,LG-150b
LG-298f,LG-298f
EX-326b,EX-326b
PG-973f,PG-973f
IV-876e,IV-876e
OT-113a,OT-113a
NL-743c,NL-743c
YI-280h,YI-280h
NL-044i,NL-044i
NJ-553d,NJ-553d
EM-929d,EM-929d
IV-524f,IV-524f
LA-236f,LA-236f
XS-804i,XS-804i
HP-454a,HP-454a
RC-659f,RC-659f
EX-071c,EX-071c
SO-245a,SO-245a
LG-150e,LG-150e
EX-389a,EX-389a
SO-245g,SO-245g
EX-740b,EX-740b
MG-885g,MG-885g
UQ-328e,UQ-328e
YI-280f,YI-280f
MG-630h,MG-630h
NL-743d,NL-743d
HM-049f,HM-049f
DX-325c,DX-325c
XS-804b,XS-804b
IV-524d,IV-524d
AJ-946a,Rock II
RC-659g,RC-659g
SO-245b,SO-245b
EY-847d,EY-847d
OT-823f,OT-823f
OT-680h,OT-680h
LG-298a,LG-298a
HP-454f,HP-454f
MG-885c,MG-885c
UQ-328b,UQ-328b
BS-788c,Nova Honshu
CH-131d,CH-131d
IV-524e,IV-524e
JS-601a,JS-601a
NJ-553c,NJ-553c
HM-049e,HM-049e
HP-454c,HP-454c
MG-885b,MG-885b
IY-112f,IY-112f
HY-608d,HY-608d
AU-322a,AU-322a
HY-784c,HY-784c
AM-001h,AM-001h
LS-227g,LS-227g
EW-604d,EW-604d
XU-112c,XU-112c
EY-430f,EY-430f
YP-225b,YP-225b
OS-476e,OS-476e
NL-044a,NL-044a
DX-325e,DX-325e
HM-049h,HM-049h
IY-112d,IY-112d
YW-650b,YW-650b
JS-637e,JS-637e
XS-804e,XS-804e
IV-524b,IV-524b
LS-227f,LS-227f
EY-430e,EY-430e
HP-454b,HP-454b
MG-885e,MG-885e
YP-225e,YP-225e
OS-476d,OS-476d
OS-803a,OS-803a
GY-110b,GY-110b
VH-043g,VH-043g
IV-524c,IV-524c
IV-876a,IV-876a
JS-637b,JS-637b
HP-454e,HP-454e
LS-227d,LS-227d
EY-430b,EY-430b
AW-006a,AW-006a
YP-225c,YP-225c
AU-322b,AU-322b
IY-816h,IY-816h
EX-071e,EX-071e
AM-001a,AM-001a
ZV-194b,Prometheus
AM-001i,AM-001i
OS-476a,OS-476a
IV-524g,IV-524g
IY-112b,IY-112b
IY-112c,IY-112c
IV-876d,IV-876d
LS-227h,LS-227h
WU-013d,WU-013d
HP-454d,HP-454d
KW-358a,Caladan
WC-803a,WC-803a
WC-788c,WC-788c
AU-605c,AU-605c
LS-231d,LS-231d
JS-637g,JS-637g
LA-236d,LA-236d
AU-322d,AU-322d
VH-043f,VH-043f
XG-751d,XG-751d
IV-876c,IV-876c
XS-804f,XS-804f
HP-454h,HP-454h
LG-298c,LG-298c
EX-389f,EX-389f
XH-556a,XH-556a
WC-788e,WC-788e
YV-800a,YV-800a
AU-322c,AU-322c
NJ-553e,NJ-553e
HY-784d,HY-784d
HY-608f,HY-608f
UI-206f,UI-206f
WU-013e,WU-013e
UI-973c,UI-973c
WU-882e,WU-882e
RC-659b,RC-659b
SO-245c,SO-245c
OT-627e,OT-627e
AM-001b,AM-001b
EW-652a,EW-652a
YW-650e,YW-650e
NJ-553g,NJ-553g
SO-245d,Candorgrad
LS-227i,LS-227i
EY-430c,EY-430c
OS-476b,OS-476b
OS-803b,OS-803b
XS-804d,XS-804d
IC-945d,IC-945d
LG-150d,LG-150d
WU-974e,WU-974e
EX-740a,EX-740a
EX-740g,EX-740g
JS-952e,JS-952e
EW-604b,EW-604b
WX-556d,WX-556d
EE-233a,EE-233a
EW-652c,EW-652c
YW-650d,YW-650d
AM-001d,AM-001d
XU-112a,XU-112a
JS-952a,JS-952a
KI-448b,Hermes
EY-430d,EY-430d
OE-462a,OE-462a
OE-462h,OE-462h
WC-803h,WC-803h
AU-322e,AU-322e
WU-504c,WU-504c
HP-937b,HP-937b
EY-847c,EY-847c
EW-238d,EW-238d
EZ-176e,EZ-176e
OS-476f,OS-476f
OS-898b,OS-898b
LG-150c,LG-150c
EW-652d,EW-652d
OP-630a,OP-630a
EX-389e,EX-389e
AM-001e,AM-001e
EX-326a,EX-326a
OE-462d,OE-462d
WC-803g,WC-803g
SL-620f,SL-620f
EW-238b,EW-238b
FK-317b,FK-317b
WU-882d,WU-882d
YA-646b,YA-646b
RC-659d,RC-659d
SO-014c,SO-014c
JS-952d,JS-952d
SO-245f,SO-245f
OT-823d,OT-823d
UB-402e,Alyazkcalb
LG-298d,LG-298d
OF-375f,OF-375f
EX-740f,EX-740f
SO-122j,SO-122j
AM-001f,AM-001f
HY-608e,HY-608e
RC-659e,RC-659e
XG-751c,XG-751c
XG-287d,XG-287d
UI-973b,UI-973b
EW-604c,EW-604c
WU-504b,WU-504b
YI-209d,YI-209d
WU-013a,WU-013a
SO-245e,SO-245e
UI-550b,UI-550b
OP-630c,OP-630c
JS-952b,JS-952b
CB-282a,CB-282a
AM-001g,AM-001g
LG-298e,LG-298e
EW-652b,EW-652b
EX-740e,EX-740e
OE-462e,OE-462e
WC-803f,WC-803f
SL-620b,SL-620b
XD-436b,XD-436b
XU-112b,XU-112b
EW-369a,EW-369a
XG-287c,XG-287c
WU-974d,WU-974d
YI-209i,YI-209i
NJ-257b,NJ-257b
WU-974a,WU-974a
JS-952g,JS-952g
OP-630b,OP-630b
EW-652e,EW-652e
LS-231a,LS-231a
EX-389d,EX-389d
EX-326d,EX-326d
OE-462g,OE-462g
VI-291d,VI-291d
XD-436d,XD-436d
RY-872a,RY-872a
HY-784b,HY-784b
UP-972c,UP-972c
YW-310a,YW-310a
LS-763d,LS-763d
IZ-816c,IZ-816c
XG-287b,XG-287b
RC-323b,RC-323b
OF-375g,OF-375g
EX-389g,EX-389g
OP-630d,OP-630d
LS-231f,LS-231f
ZV-759f,ZV-759f
LS-763e,LS-763e
KW-950a,KW-950a
TD-228c,TD-228c
FK-371a,FK-371a
XG-287f,XG-287f
KW-626a,KW-626a
XU-112g,XU-112g
WU-013b,WU-013b
RC-323a,RC-323a
WU-882f,WU-882f
SO-245h,SO-245h
OT-680a,OT-680a
OS-476c,OS-476c
OF-375e,OF-375e
LS-231e,LS-231e
YP-278a,YP-278a
KW-950c,KW-950c
EX-326e,EX-326e
EX-740d,EX-740d
RY-872b,RY-872b
UP-972b,UP-972b
XG-452f,XG-452f
GH-082b,GH-082b
YW-310c,YW-310c
IZ-816d,IZ-816d
OE-462f,OE-462f
WC-803c,WC-803c
YA-646e,YA-646e
RV-854c,RV-854c
XG-287i,XG-287i
WX-918a,WX-918a
YA-646i,YA-646i
EX-740c,EX-740c
EW-604e,EW-604e
YP-278b,YP-278b
LS-763a,LS-763a
WU-013c,WU-013c
XG-287e,XG-287e
ZV-307h,ZV-307h
OE-462c,OE-462c
KW-950d,KW-950d
RC-323c,RC-323c
WC-803d,WC-803d
WC-788a,WC-788a
SL-620e,SL-620e
EW-369d,EW-369d
XG-452c,XG-452c
OT-680c,OT-680c
XU-112h,XU-112h
LS-763b,LS-763b
YP-278d,YP-278d
WC-702b,Mimar
OE-462b,OE-462b
WC-803e,WC-803e
SL-620d,SL-620d
KW-626c,KW-626c
XU-112f,XU-112f
HV-813e,HV-813e
OS-898a,OS-898a
EW-604f,EW-604f
EW-369b,EW-369b
WU-013f,WU-013f
WU-882g,WU-882g
NJ-257c,NJ-257c
GK-115g,GK-115g
XV-396a,XV-396a
JS-753c,JS-753c
HP-937f,HP-937f
WU-504a,WU-504a
VI-291a,VI-291a
LS-763c,LS-763c
KW-626b,KW-626b
OS-898e,OS-898e
EW-238a,EW-238a
WU-013g,WU-013g
RY-872d,RY-872d
OS-099c,Fangzhang
QV-266a,QV-266a
YW-310d,YW-310d
IZ-816b,IZ-816b
OT-889e,OT-889e
IZ-482b,IZ-482b
PG-973e,PG-973e
UV-351b,Yannick
GY-986b,GY-986b
QV-266b,QV-266b
GY-811d,GY-811d
WU-882a,WU-882a
XV-396c,XV-396c
LS-763f,LS-763f
KW-626e,KW-626e
VI-291b,VI-291b
IV-876b,IV-876b
GC-645h,GC-645h
OS-898c,OS-898c
GC-645f,GC-645f
OT-680e,OT-680e
UP-972d,UP-972d
YW-310b,YW-310b
IZ-482d,IZ-482d
IZ-437a,IZ-437a
OT-113g,OT-113g
IZ-257b,IZ-257b
EL-419j,EL-419j
YP-278c,YP-278c
LS-763g,LS-763g
KW-626d,KW-626d
EW-369f,EW-369f
NJ-325a,NJ-325a
YK-266a,YK-266a
YK-266h,YK-266h
VI-291c,VI-291c
KQ-966g,KQ-966g
NJ-325j,NJ-325j
KQ-966c,KQ-966c
WX-918h,WX-918h
UI-973d,UI-973d
OS-898d,OS-898d
SG-928d,SG-928d
HP-937a,HP-937a
UI-550e,UI-550e
UV-072d,UV-072d
YP-278f,YP-278f
VI-291e,VI-291e
QV-266c,QV-266c
IZ-768a,IZ-768a
GM-498c,GM-498c
GY-694i,GY-694i
OY-661a,OY-661a
IZ-768g,IZ-768g
WC-788d,WC-788d
EE-233c,EE-233c
UB-402d,UB-402d
EW-369c,EW-369c
XV-396d,XV-396d
GK-115f,GK-115f
GC-645i,GC-645i
OT-113f,OT-113f
HP-937c,HP-937c
JY-136a,JY-136a
GM-498b,GM-498b
XD-436a,XD-436a
WU-882j,WU-882j
QV-266d,QV-266d
AJ-768a,Lemuria
UB-402h,UB-402h
YK-266b,YK-266b
XV-396e,XV-396e
YW-338a,YW-338a
YW-338d,YW-338d
YK-266i,YK-266i
KQ-966a,KQ-966a
AM-695c,AM-695c
QQ-645a,QQ-645a
OT-113h,OT-113h
LS-300g,LS-300g
GM-498d,GM-498d
WU-882b,WU-882b
YP-278e,YP-278e
IZ-768d,IZ-768d
IZ-768f,IZ-768f
QV-266e,QV-266e
XV-396b,XV-396b
YW-338f,YW-338f
YK-266d,YK-266d
PB-673c,PB-673c
WB-947h,WB-947h
AU-876c,AU-876c
AU-876a,AU-876a
XU-145a,XU-145a
KW-976a,KW-976a
IZ-768b,IZ-768b
QV-266g,QV-266g
GM-498e,GM-498e
SO-122d,SO-122d
XD-436c,XD-436c
AM-695d,AM-695d
UB-402a,UB-402a
IZ-768e,IZ-768e
JK-782a,JK-782a
PB-673f,PB-673f
UB-402j,UB-402j
IC-748a,IC-748a
YK-266e,YK-266e
YK-024c,YK-024c
YW-310e,YW-310e
KQ-966d,KQ-966d
IZ-482g,IZ-482g
KC-051d,KC-051d
HV-813a,HV-813a
XD-436e,XD-436e
QJ-149b,Crucible
AM-695f,AM-695f
JK-782g,JK-782g
GM-498f,GM-498f
UB-402g,UB-402g
YK-266f,YK-266f
IZ-482f,IZ-482f
QV-266f,QV-266f
KI-446b,Demeter
IZ-437d,IZ-437d
IZ-257i,IZ-257i
KC-051a,KC-051a
KC-421a,KC-421a
KC-220b,KC-220b
XH-594a,Libertas
KQ-966b,Rock
OS-803g,OS-803g
IC-748d,IC-748d
UV-135c,UV-135c
JK-782d,JK-782d
XH-400e,XH-400e
UB-402c,UB-402c
IZ-768c,IZ-768c
XD-436f,XD-436f
AM-695h,AM-695h
CC-848b,CC-848b
VH-331c,Beanironia
GY-694f,GY-694f
WX-918d,WX-918d
YK-266g,YK-266g
IZ-437e,IZ-437e
KQ-966e,KQ-966e
YW-338g,YW-338g
OS-803i,OS-803i
IZ-257h,IZ-257h
XD-436g,XD-436g
IC-748e,IC-748e
UB-402b,UB-402b
JK-782h,JK-782h
GY-135d,GY-135d
GC-728a,GC-728a
YK-266j,YK-266j
CC-848d,CC-848d
KQ-966f,KQ-966f
GY-252b,GY-252b
OS-803d,OS-803d
CC-848h,CC-848h
IZ-437c,IZ-437c
IZ-257e,IZ-257e
WC-702g,WC-702g
UB-402f,UB-402f
IC-748f,IC-748f
EZ-969c,EZ-969c
OY-569a,OY-569a
IV-543a,IV-543a
FW-918c,FW-918c
JK-978a,JK-978a
OF-259a,OF-259a
HM-365b,HM-365b
VV-980a,VV-980a
GC-728c,GC-728c
AX-013a,AX-013a
CC-848f,CC-848f
JS-829a,JS-829a
IZ-257g,IZ-257g
KC-421d,KC-421d
KC-452c,KC-452c
EZ-969g,EZ-969g
IC-748b,IC-748b
IZ-768h,IZ-768h
UB-402i,UB-402i
GY-694h,GY-694h
IV-543c,IV-543c
JK-978b,JK-978b
YW-650c,YW-650c
AM-695a,AM-695a
EW-369e,EW-369e
NJ-257g,NJ-257g
GK-115h,GK-115h
FK-794a,FK-794a
VV-980e,VV-980e
JS-829h,JS-829h
WX-918i,WX-918i
WX-918j,WX-918j
JK-782b,JK-782b
EZ-969e,EZ-969e
IC-748c,IC-748c
IV-543b,IV-543b
IZ-768i,IZ-768i
JK-776a,JK-776a
EW-369h,EW-369h
SG-195b,SG-195b
NJ-257e,NJ-257e
OZ-189c,Curie
OF-375c,Adalina
TD-203d,TD-203d
GK-115b,GK-115b
HP-937e,HP-937e
EZ-176c,EZ-176c
UV-351e,Tarvos
LS-923a,LS-923a
JK-782f,JK-782f
XH-400d,XH-400d
IC-748i,IC-748i
EZ-969f,EZ-969f
KW-688d,KW-688d
FW-918i,FW-918i
FK-794d,FK-794d
GY-694g,GY-694g
SE-866e,SE-866e
JS-570d,JS-570d
GC-728b,GC-728b
CC-848c,CC-848c
IZ-257c,IZ-257c
YW-338b,YW-338b
KC-051c,KC-051c
KC-544d,KC-544d
IC-748g,IC-748g
JK-782j,JK-782j
XH-400b,XH-400b
EZ-969h,EZ-969h
WX-918g,WX-918g
WX-918e,WX-918e
WX-918c,WX-918c
FW-918d,FW-918d
LS-300d,LS-300d
UI-550a,UI-550a
GC-728f,GC-728f
CC-848e,CC-848e
IZ-257d,IZ-257d
KC-421c,KC-421c
LS-227e,LS-227e
AU-876b,AU-876b
KW-976d,KW-976d
IA-093f,IA-093f
KC-452e,KC-452e
XD-005g,XD-005g
JK-782i,JK-782i
GY-694e,GY-694e
IC-748h,IC-748h
JK-978c,JK-978c
AM-978a,AM-978a
EZ-969d,EZ-969d
FW-918b,FW-918b
HM-365e,HM-365e
VV-980b,VV-980b
JS-829f,JS-829f
AM-978d,AM-978d
OS-803f,OS-803f
GC-728d,GC-728d
AX-013e,AX-013e
GK-476b,Hecate
GY-811g,GY-811g
JY-136g,JY-136g
EZ-969i,EZ-969i
GK-462a,GK-462a
GK-219h,GK-219h
CC-558c,CC-558c
JK-978d,JK-978d
HM-223a,HM-223a
VV-980c,VV-980c
FK-371e,FK-371e
JS-829g,JS-829g
QQ-082b,Caradhras
AM-978b,AM-978b
OS-803c,OS-803c
FW-918f,FW-918f
GC-728e,GC-728e
UV-351d,Biogenesis
TD-203b,Sheol
OT-442d,OT-442d
GY-135a,GY-135a
GK-462d,GK-462d
GK-219g,GK-219g
JK-978e,JK-978e
HM-365a,HM-365a
VV-980f,VV-980f
FK-794g,FK-794g
JS-829c,JS-829c
FK-794f,FK-794f
PG-027a,PG-027a
WU-070b,WU-070b
AM-978c,AM-978c
OS-803h,OS-803h
FW-918h,FW-918h
AX-013b,AX-013b
CC-848g,CC-848g
LS-227c,LS-227c
JK-978f,JK-978f
GK-462c,GK-462c
UV-796d,UV-796d
VV-980d,VV-980d
JS-829d,JS-829d
AM-978e,AM-978e
GK-219c,GK-219c
OS-803e,OS-803e
FW-918e,FW-918e
AX-013d,AX-013d
YW-240a,YW-240a
IZ-257f,IZ-257f
KC-051f,KC-051f
YI-552a,YI-552a
YA-646g,YA-646g
YK-715c,Tiezendor
OZ-189a,Mayer
GY-135c,GY-135c
JK-978g,JK-978g
HM-365d,HM-365d
JS-829b,JS-829b
AM-978f,AM-978f
NJ-215a,NJ-215a
NJ-605f,NJ-605f
GM-844f,GM-844f
KW-688c,Etherwind
GM-212b,GM-212b
JK-782e,JK-782e
FW-918g,FW-918g
GK-462e,GK-462e
AX-013c,AX-013c
GK-219f,GK-219f
HY-239a,HY-239a
HM-365f,HM-365f
GK-462b,GK-462b
JS-829e,JS-829e
LS-923d,LS-923d
GK-219a,GK-219a
CG-044c,Jotu
XH-400a,XH-400a
HV-780e,HV-780e
BN-908b,Rhenos Pater
HP-937h,HP-937h
EW-369g,EW-369g
GK-115i,GK-115i
AU-605a,AU-605a
CC-674d,CC-674d
YA-646h,YA-646h
KW-976b,KW-976b
CH-131a,CH-131a
LS-923c,LS-923c
IV-583c,IV-583c
IZ-911i,IZ-911i
LB-716a,LB-716a
IZ-482c,IZ-482c
HV-780b,HV-780b
HP-937d,HP-937d
OT-889a,Prism
LG-598a,LG-598a
NJ-257a,NJ-257a
LG-672g,LG-672g
OP-802a,OP-802a
FK-371d,FK-371d
AJ-768d,AJ-768d
KW-688e,KW-688e
KW-688f,KW-688f
LG-598g,LG-598g
LG-672h,LG-672h
FK-371b,La Forge
QQ-645d,QQ-645d
AJ-768c,AJ-768c
QQ-645e,QQ-645e
LS-923b,LS-923b
HV-780c,HV-780c
HY-239d,HY-239d
IV-583b,IV-583b
NJ-257d,NJ-257d
HY-239e,HY-239e
JY-136i,JY-136i
WX-918f,WX-918f
WX-918b,WX-918b
AU-605h,AU-605h
YK-590a,YK-590a
CH-131c,CH-131c
LG-598d,LG-598d
LG-672i,LG-672i
FK-371c,FK-371c
LS-923e,LS-923e
IV-583a,IV-583a
HV-780a,HV-780a
NJ-257f,NJ-257f
AJ-768f,AJ-768f
QQ-645c,QQ-645c
LB-716e,LB-716e
GK-115a,GK-115a
IA-093a,IA-093a
OP-802e,OP-802e
OP-802f,OP-802f
NJ-325d,NJ-325d
SG-928i,SG-928i
HP-937g,HP-937g
DW-456a,DW-456a
FA-042a,FA-042a
IV-583g,IV-583g
FA-042g,FA-042g
FA-042b,FA-042b
QQ-082a,QQ-082a
RG-716b,RG-716b
UV-796f,UV-796f
CB-045a,CB-045a
YI-715c,The Burn Pits
YI-715a,Chrono
YI-715e,YI-715e
JK-776e,JK-776e
JK-776d,JK-776d
RC-040e,RC-040e
AU-605b,AU-605b
YK-590d,YK-590d
OF-732e,OF-732e
LG-598b,LG-598b
IV-583e,IV-583e
LG-672c,LG-672c
FA-042d,FA-042d
CH-657a,CH-657a
AJ-768e,AJ-768e
IA-093d,IA-093d
OP-802g,OP-802g
NJ-215d,NJ-215d
DW-456f,DW-456f
NJ-215f,NJ-215f
NJ-605b,NJ-605b
UP-102a,UP-102a
YI-059c,YI-059c
UP-102d,UP-102d
FA-042e,FA-042e
GY-986d,GY-986d
GM-037i,GM-037i
HM-517j,HM-517j
TO-392f,TO-392f
LG-598c,LG-598c
LG-672e,LG-672e
YI-059e,YI-059e
HY-239f,HY-239f
FA-042c,FA-042c
AJ-768b,AJ-768b
GK-462h,GK-462h
GH-780a,GH-780a
AU-605g,AU-605g
YK-590b,YK-590b
KW-976e,KW-976e
IA-093e,IA-093e
OP-802d,OP-802d
CH-131b,CH-131b
NJ-215c,NJ-215c
NJ-605e,NJ-605e
RG-716c,RG-716c
GM-037e,GM-037e
GK-462f,GK-462f
YI-059d,YI-059d
DW-456c,DW-456c
IV-583f,IV-583f
GK-219d,GK-219d
UP-102c,UP-102c
YA-471a,YA-471a
YW-240h,YW-240h
LG-598f,LG-598f
LG-672d,LG-672d
QF-564e,QF-564e
RC-040f,RC-040f
KC-051b,KC-051b
GY-694a,GY-694a
KC-220d,KC-220d
RY-305a,RY-305a
JK-776h,JK-776h
HY-239c,HY-239c
LG-598e,LG-598e
LG-672b,LG-672b
IV-583d,IV-583d
DW-456d,DW-456d
UP-102b,UP-102b
KC-424a,KC-424a
AJ-768g,AJ-768g
FA-042i,FA-042i
FA-042f,FA-042f
IA-093g,IA-093g
RG-716a,RG-716a
HV-780f,HV-780f
OP-802c,OP-802c
OP-802b,OP-802b
NJ-215b,NJ-215b
NJ-605a,NJ-605a
JK-776b,JK-776b
CB-045e,CB-045e
LG-672f,LG-672f
KQ-451d,KQ-451d
FA-042h,FA-042h
GK-462g,GK-462g
LG-758f,LG-758f
OY-717a,OY-717a
AU-605d,AU-605d
GK-219b,GK-219b
DW-456e,DW-456e
NH-555e,NH-555e
RG-716e,RG-716e
HV-780d,HV-780d
GK-115e,GK-115e
WC-788b,WC-788b
DX-916f,DX-916f
AX-215h,AX-215h
UX-755c,UX-755c
OF-732a,OF-732a
DW-456b,DW-456b
XV-158a,XV-158a
GC-231e,GC-231e
UP-102e,UP-102e
AU-605e,AU-605e
GK-219e,GK-219e
OF-732d,OF-732d
OF-732c,OF-732c
CH-131f,CH-131f
RG-716d,RG-716d
KQ-451j,KQ-451j
RC-040a,RC-040a
JK-776g,JK-776g
LG-758d,LG-758d
CB-045g,CB-045g
KC-424b,KC-424b
HY-239g,HY-239g
QR-697a,QR-697a
HY-976i,HY-976i
AM-884a,AM-884a
XV-158b,XV-158b
XV-158g,XV-158g
FK-794c,Epicier
GC-231d,GC-231d
OF-185a,OF-185a
IC-530e,IC-530e
OF-732g,OF-732g
OF-732b,OF-732b
CH-131e,CH-131e
SL-132c,SL-132c
YA-711a,YA-711a
YA-471b,YA-471b
HY-976a,HY-976a
HY-976j,HY-976j
GH-780f,GH-780f
IC-530b,IC-530b
XV-158e,XV-158e
YA-711e,YA-711e
KQ-451i,KQ-451i
QR-697c,QR-697c
SL-132b,SL-132b
OF-363e,OF-363e
OY-717c,OY-717c
YI-715d,YI-715d
JS-367e,JS-367e
EM-759c,EM-759c
OY-569d,OY-569d
YI-705a,YI-705a
JK-776c,JK-776c
CB-045h,CB-045h
RC-040g,RC-040g
IC-530f,IC-530f
YA-711d,YA-711d
KQ-451c,KQ-451c
OF-363c,OF-363c
FW-344a,FW-344a
LG-758b,LG-758b
JS-367c,JS-367c
HM-365c,HM-365c
AW-006b,AW-006b
OT-627b,OT-627b
GK-115c,GK-115c
JK-749d,JK-749d
SG-875a,SG-875a
OS-456a,OS-456a
EL-179b,Manifold
JK-776f,JK-776f
SO-838a,SO-838a
PB-673e,PB-673e
KQ-451h,KQ-451h
IC-530d,IC-530d
YA-711c,YA-711c
MG-594a,MG-594a
EZ-190g,EZ-190g
JS-367a,JS-367a
LG-758a,LG-758a
OY-569e,OY-569e
AJ-135b,AJ-135b
HY-976d,HY-976d
NG-164b,NG-164b
QR-697d,QR-697d
NG-574a,NG-574a
EZ-190f,EZ-190f
SL-132d,SL-132d
CB-045f,CB-045f
SO-838e,SO-838e
SO-838i,SO-838i
JS-601e,JS-601e
KQ-451f,KQ-451f
OY-569g,OY-569g
JS-367b,JS-367b
XV-158i,XV-158i
IC-530c,IC-530c
YA-711b,YA-711b
QR-697f,QR-697f
MG-594c,MG-594c
EZ-190d,EZ-190d
NG-164g,NG-164g
HY-976b,HY-976b
NJ-215e,NJ-215e
AU-605f,AU-605f
OF-732f,OF-732f
HY-976e,HY-976e
HY-976h,HY-976h
HV-029a,HV-029a
IC-530g,IC-530g
XD-492f,XD-492f
XV-158f,XV-158f
KQ-451b,KQ-451b
OF-363d,OF-363d
JS-367f,JS-367f
MG-594b,MG-594b
EZ-190b,EZ-190b
YA-471g,YA-471g
CB-282d,Coldwell Deep
YW-240f,YW-240f
YW-523a,YW-523a
GK-115d,GK-115d
GC-231c,GC-231c
KC-544a,KC-544a
KC-421f,KC-421f
KC-452d,KC-452d
QR-697b,QR-697b
IC-530h,IC-530h
LB-476c,Boombastic
XD-354a,XD-354a
HM-223b,HM-223b
XV-158h,XV-158h
GC-231a,GC-231a
KQ-451g,KQ-451g
HY-976c,HY-976c
HY-976f,HY-976f
YA-646a,YA-646a
SO-838h,SO-838h
MG-594e,MG-594e
UI-938a,UI-938a
OY-569i,OY-569i
NJ-605c,NJ-605c
EZ-190e,EZ-190e
UI-938g,UI-938g
IC-530a,IC-530a
HV-029e,HV-029e
QR-697e,QR-697e
GY-694c,GY-694c
XV-158c,XV-158c
GC-231f,GC-231f
OT-627a,Ursin
KI-439b,KI-439b
XH-083c,XH-083c
QJ-382i,Remus
JK-758a,JK-758a
KC-424d,KC-424d
YW-240i,YW-240i
QJ-382g,Romulus
LB-716b,LB-716b
UV-796a,Erna
KC-544f,KC-544f
SE-052e,SE-052e
XV-158j,XV-158j
JS-299d,JS-299d
LG-758c,LG-758c
IC-530i,IC-530i
GC-231b,GC-231b
TD-298b,Kwinana
HY-976g,HY-976g
OY-569j,OY-569j
JK-758d,JK-758d
JK-758e,JK-758e
MG-594d,MG-594d
GH-209e,GH-209e
NJ-605d,NJ-605d
EZ-190c,EZ-190c
YA-471c,YA-471c
NJ-325b,NJ-325b
LG-758e,LG-758e
GH-082d,GH-082d
OT-823a,OT-823a
JS-299a,Nemesis
WB-947g,WB-947g
YW-240e,YW-240e
AJ-135d,AJ-135d
NG-164f,NG-164f
HM-301a,HM-301a
JS-299c,JS-299c
WU-974c,WU-974c
SG-875c,SG-875c
GM-844a,GM-844a
NJ-325c,NJ-325c
OS-456b,OS-456b
BN-908a,BN-908a
YA-424d,YA-424d
AN-240a,AN-240a
QV-312a,QV-312a
OY-569h,OY-569h
OY-793a,OY-793a
NH-555f,NH-555f
AX-215j,AX-215j
XS-305d,XS-305d
BN-908e,BN-908e
KW-688a,KW-688a
UX-755a,UX-755a
UX-674b,UX-674b
UX-357a,UX-357a
AX-128d,AX-128d
AX-558b,AX-558b
YA-424b,YA-424b
HV-512b,HV-512b
HM-301c,HM-301c
HV-029b,HV-029b
KC-424c,KC-424c
YW-240g,YW-240g
OT-580d,Pallada
KC-544c,KC-544c
OF-552a,OF-552a
KC-421g,KC-421g
KC-452b,KC-452b
CB-282c,CB-282c
AM-884d,AM-884d
JK-758c,JK-758c
CH-115d,CH-115d
HM-301f,HM-301f
YA-424c,YA-424c
XH-594e,XH-594e
AN-240d,AN-240d
BN-908c,BN-908c
JS-009c,JS-009c
EW-943a,EW-943a
GK-439e,GK-439e
CB-282e,CB-282e
OY-569f,OY-569f
BN-908f,BN-908f
OY-793b,OY-793b
JK-758b,JK-758b
NH-555b,NH-555b
DX-916e,DX-916e
FK-037c,FK-037c
EW-943d,EW-943d
GK-439g,GK-439g
HM-301e,HM-301e
YA-424g,YA-424g
AN-240c,AN-240c
CB-282f,CB-282f
QJ-382c,QJ-382c
WU-882c,WU-882c
JK-758f,JK-758f
AJ-135f,AJ-135f
OY-793e,OY-793e
NH-555a,NH-555a
DX-916b,DX-916b
AX-215c,AX-215c
UX-755d,UX-755d
UX-674i,UX-674i
UX-617d,UX-617d
UX-357d,UX-357d
YA-424h,YA-424h
QV-312b,QV-312b
XS-305e,XS-305e
XS-305i,XS-305i
AN-240b,AN-240b
AJ-135a,AJ-135a
NJ-325g,NJ-325g
SG-875b,SG-875b
FK-794b,Boucher
IY-816c,Selene
OY-793d,OY-793d
NH-555c,NH-555c
DX-916h,DX-916h
AX-215b,AX-215b
UX-755e,UX-755e
EW-943c,EW-943c
SO-838b,SO-838b
GK-439a,GK-439a
XH-668f,XH-668f
HV-029c,HV-029c
KC-424f,KC-424f
YW-240d,YW-240d
YW-240j,YW-240j
KW-976c,Salusa Secundus
UV-135d,UV-135d
AN-240f,AN-240f
KC-421b,KC-421b
KC-452a,KC-452a
EL-179a,EL-179a
WC-702d,WC-702d
HV-029f,HV-029f
QV-312d,QV-312d
XS-305c,XS-305c
YA-424f,YA-424f
KC-832c,KC-832c
EW-943b,EW-943b
YW-523c,YW-523c
OF-185f,OF-185f
KC-421e,KC-421e
HV-512a,HV-512a
BN-886a,BN-886a
EL-179c,EL-179c
QV-164c,QV-164c
AN-240e,AN-240e
AJ-135g,AJ-135g
NH-555h,NH-555h
AX-215g,AX-215g
HV-029d,HV-029d
KC-832b,KC-832b
JS-761c,JS-761c
QV-312c,QV-312c
XS-305h,XS-305h
YW-523d,YW-523d
OF-185e,OF-185e
QQ-001b,Circe
KC-220a,KC-220a
EW-943f,EW-943f
EL-179e,EL-179e
WC-702e,WC-702e
NJ-325i,NJ-325i
QV-164a,QV-164a
SG-875d,SG-875d
OS-456c,OS-456c
CC-674c,CC-674c
YA-424e,YA-424e
EW-943e,EW-943e
GK-439b,GK-439b
AM-628a,AM-628a
AM-628h,AM-628h
EY-303b,EY-303b
VI-270a,VI-270a
QV-312e,QV-312e
YP-888f,YP-888f
XS-305b,XS-305b
NG-114a,NG-114a
IY-816g,IY-816g
AN-240g,AN-240g
AJ-135c,AJ-135c
GM-844g,GM-844g
GM-212d,GM-212d
LB-506g,LB-506g
AM-628d,AM-628d
BS-658e,BS-658e
GK-439f,GK-439f
XD-354d,XD-354d
VI-270e,VI-270e
YP-888e,YP-888e
JK-758g,JK-758g
GC-602a,GC-602a
KC-832d,KC-832d
YW-523f,YW-523f
YA-471i,YA-471i
XD-311a,XD-311a
ZV-896b,Harmonia
XD-354f,XD-354f
YP-888d,YP-888d
AM-628b,AM-628b
VI-270b,VI-270b
GK-439c,GK-439c
GK-996b,GK-996b
ZV-194f,ZV-194f
XH-265c,XH-265c
SG-779a,SG-779a
JS-601c,Brokkraf
XS-305f,XS-305f
NG-114g,NG-114g
NJ-325h,NJ-325h
OS-456d,OS-456d
XH-668c,XH-668c
GC-602f,GC-602f
AM-628f,AM-628f
AN-240h,AN-240h
XD-354c,XD-354c
VI-270d,VI-270d
PG-027c,PG-027c
GK-439d,GK-439d
OY-717b,OY-717b
XH-265b,XH-265b
XH-668e,XH-668e
HV-194a,HV-194a
IC-685a,IC-685a
XH-807e,XH-807e
GM-844c,GM-844c
XS-305g,XS-305g
NG-114f,NG-114f
NJ-325f,NJ-325f
SG-928a,SG-928a
GK-476c,GK-476c
AM-628c,AM-628c
AM-628g,AM-628g
ZV-194g,ZV-194g
LG-418b,Kinza
BN-908d,BN-908d
VI-270c,VI-270c
PG-027d,PG-027d
HV-194d,HV-194d
YP-888g,YP-888g
KQ-833a,KQ-833a
BN-516a,BN-516a
YP-888i,YP-888i
YW-523g,YW-523g
BN-516b,BN-516b
BN-516d,BN-516d
OF-185h,OF-185h
UQ-807a,UQ-807a
YP-888j,YP-888j
AM-628e,AM-628e
XH-668a,XH-668a
PG-027e,PG-027e
KQ-833c,KQ-833c
YW-523e,YW-523e
EZ-566a,EZ-566a
OF-185g,OF-185g
HV-194b,HV-194b
KC-220c,KC-220c
XH-668b,XH-668b
WC-702c,WC-702c
QV-164h,QV-164h
IC-685c,IC-685c
NG-114h,NG-114h
UQ-807c,UQ-807c
UI-938d,UI-938d
UI-938f,UI-938f
UI-550c,UI-550c
XH-668d,XH-668d
HV-194c,HV-194c
IY-816a,IY-816a
JS-570h,JS-570h
IC-685b,IC-685b
XH-807a,XH-807a
NG-114e,NG-114e
NJ-325e,NJ-325e
GY-252h,GY-252h
XH-556e,XH-556e
SG-928b,SG-928b
QV-257a,QV-257a
GK-476a,GK-476a
AM-628i,AM-628i
GK-476e,GK-476e
HP-933a,HP-933a
CC-674e,CC-674e
IC-685d,IC-685d
NG-114d,NG-114d
SG-928e,SG-928e
MG-197d,MG-197d
UQ-807b,UQ-807b
AU-686c,AU-686c
GK-996a,GK-996a
IY-816f,IY-816f
BN-908g,BN-908g
GK-258g,GK-258g
OE-563a,OE-563a
NG-164a,NG-164a
SO-838d,SO-838d
OE-563b,OE-563b
OY-793c,OY-793c
NH-555i,NH-555i
GK-476g,GK-476g
YA-646c,YA-646c
AU-686a,AU-686a
IY-816b,IY-816b
GK-996f,GK-996f
VH-874b,Logica
PG-027f,PG-027f
XH-807b,XH-807b
SG-779c,SG-779c
IC-685f,IC-685f
KQ-833e,KQ-833e
NG-114i,NG-114i
SG-928c,SG-928c
EM-398a,EM-398a
OE-563i,OE-563i
GM-844d,GM-844d
GM-212e,GM-212e
OE-563h,OE-563h
GK-476d,GK-476d
HP-933b,HP-933b
IC-685e,IC-685e
AU-686b,AU-686b
XH-807d,XH-807d
GK-996d,GK-996d
TD-152b,TD-152b
QR-119a,QR-119a
EM-355d,EM-355d
EM-398b,EM-398b
AW-066c,AW-066c
NG-164e,NG-164e
AJ-505a,AJ-505a
SG-928f,SG-928f
AJ-120a,AJ-120a
AJ-120e,AJ-120e
OE-563g,OE-563g
OE-563d,OE-563d
GK-476f,GK-476f
SO-838j,SO-838j
GY-252g,GY-252g
AJ-505d,AJ-505d
GY-110c,Chu
AJ-120d,AJ-120d
WR-681c,WR-681c
SE-648a,SE-648a
EZ-566b,EZ-566b
AJ-300c,AJ-300c
KQ-833b,KQ-833b
OP-418a,OP-418a
OS-057a,OS-057a
OS-189c,OS-189c
LS-300b,LS-300b
JS-601d,JS-601d
OS-209b,OS-209b
IC-685g,IC-685g
AJ-505b,AJ-505b
WX-031a,WX-031a
EM-355c,EM-355c
EM-398c,EM-398c
XH-807c,XH-807c
AJ-120g,AJ-120g
GK-996e,GK-996e
AJ-300e,AJ-300e
TO-392c,TO-392c
VH-778e,VH-778e
KQ-833d,KQ-833d
OP-418b,OP-418b
OS-057e,OS-057e
OS-189e,OS-189e
OS-209g,OS-209g
AS-479e,AS-479e
EM-759a,EM-759a
XH-807f,XH-807f
EM-355a,EM-355a
HV-512e,HV-512e
QR-119e,QR-119e
SG-928h,SG-928h
EM-398e,EM-398e
AW-066a,AW-066a
OE-563c,OE-563c
AJ-505c,AJ-505c
AJ-120c,AJ-120c
BN-516c,BN-516c
LS-934a,LS-934a
BN-901a,BN-901a
BN-436a,BN-436a
AJ-300b,AJ-300b
EW-274a,EW-274a
EW-274c,EW-274c
AJ-120h,AJ-120h
NG-848e,NG-848e
EM-759b,EM-759b
GK-996c,GK-996c
JS-570c,JS-570c
XH-400c,XH-400c
NG-114b,NG-114b
EM-355b,EM-355b
EM-398d,EM-398d
YK-715a,YK-715a
AJ-300a,AJ-300a
KQ-833g,KQ-833g
NH-613a,NH-613a
AW-066d,AW-066d
OY-793g,OY-793g
NH-555d,NH-555d
MG-708d,MG-708d
YK-715b,YK-715b
AJ-120f,AJ-120f
EY-493a,EY-493a
OE-073c,OE-073c
EM-355e,EM-355e
AW-066b,AW-066b
NH-555g,NH-555g
CG-281b,CG-281b
CG-021b,CG-021b
KQ-833f,KQ-833f
NH-613g,NH-613g
DX-916a,DX-916a
GY-252f,GY-252f
MG-708h,MG-708h
SO-838g,SO-838g
WR-681d,WR-681d
WR-681g,WR-681g
EZ-566c,EZ-566c
EM-759d,EM-759d
EM-355f,EM-355f
AJ-120i,AJ-120i
LG-854a,LG-854a
YK-715d,YK-715d
CG-021a,CG-021a
AJ-300f,AJ-300f
JS-309c,JS-309c
XD-354b,Magus
KQ-833h,KQ-833h
UI-938b,UI-938b
UI-550g,UI-550g
NH-613d,NH-613d
EW-274b,EW-274b
EW-274e,EW-274e
EW-274f,EW-274f
MG-708c,MG-708c
HV-512d,HV-512d
JS-570f,JS-570f
LG-854b,LG-854b
EY-493b,EY-493b
AJ-300d,AJ-300d
KQ-833i,KQ-833i
CG-021e,CG-021e
NH-613f,NH-613f
OS-057d,OS-057d
OT-364c,OT-364c
OS-209h,OS-209h
AM-783d,AM-783d
LS-934d,LS-934d
EW-274g,EW-274g
IY-206i,IY-206i
EY-303d,EY-303d
GY-252d,GY-252d
YK-715e,YK-715e
CG-021f,CG-021f
UP-170e,UP-170e
EY-493c,EY-493c
SL-806a,SL-806a
FK-037a,FK-037a
KQ-205a,KQ-205a
HV-512g,HV-512g
WR-681b,WR-681b
EZ-566f,EZ-566f
BN-436d,BN-436d
EW-274d,EW-274d
BN-516e,BN-516e
BN-436c,BN-436c
BN-436g,BN-436g
LG-854c,LG-854c
AJ-575a,AJ-575a
NH-555j,NH-555j
CG-021c,CG-021c
KQ-205b,KQ-205b
DX-916c,DX-916c
UI-938e,UI-938e
AX-215f,AX-215f
LS-934f,LS-934f
NH-613e,NH-613e
KI-840a,KI-840a
OS-057b,OS-057b
SO-953a,SO-953a
UX-755g,UX-755g
UI-938c,UI-938c
UI-199a,UI-199a
UI-199b,UI-199b
UI-986d,UI-986d
LG-854d,LG-854d
IA-158a,IA-158a
CG-021d,CG-021d
WR-681f,WR-681f
EZ-566e,EZ-566e
AW-726a,AW-726a
LS-934e,LS-934e
OE-073a,OE-073a
EL-179d,EL-179d
DX-916d,DX-916d
AX-215d,AX-215d
KI-840b,KI-840b
UX-674d,UX-674d
UX-617b,UX-617b
LB-716d,LB-716d
UI-491d,UI-491d
UI-491e,UI-491e
SE-648e,SE-648e
LG-854f,LG-854f
WC-702f,WC-702f
CG-021g,CG-021g
OE-073b,OE-073b
FK-037d,FK-037d
AW-726c,AW-726c
DX-916g,DX-916g
OP-248b,OP-248b
HV-512c,HV-512c
QR-119d,QR-119d
BN-901b,BN-901b
WR-681e,WR-681e
XV-825a,XV-825a
AX-215i,AX-215i
UX-674c,UX-674c
EZ-566d,EZ-566d
UX-617e,UX-617e
UX-357f,UX-357f
AX-128b,AX-128b
HV-512f,HV-512f
OE-073d,OE-073d
CH-771b,Ambrosia
QR-119f,QR-119f
OP-248c,OP-248c
XV-825b,XV-825b
NH-613b,NH-613b
MG-708b,MG-708b
XD-005a,XD-005a
OS-057c,OS-057c
SL-620c,SL-620c
OS-189a,OS-189a
OS-209d,OS-209d
XV-374c,XV-374c
TD-203e,TD-203e
LB-599f,LB-599f
QQ-082d,QQ-082d
KW-689j,KW-689j
GH-209a,GH-209a
OP-248a,OP-248a
XV-825e,XV-825e
QQ-082c,QQ-082c
XV-374a,XV-374a
WB-947c,WB-947c
NH-613c,NH-613c
MG-708f,MG-708f
OS-189b,OS-189b
OS-209e,OS-209e
EZ-566g,EZ-566g
AS-479a,AS-479a
VB-340d,VB-340d
VB-292d,VB-292d
IV-102a,IV-102a
EL-179f,EL-179f
GC-025d,GC-025d
FK-037e,FK-037e
ZK-768b,Anchorpoint
IV-942a,IV-942a
LG-854e,LG-854e
JS-309d,JS-309d
WB-947f,WB-947f
QQ-082e,QQ-082e
UX-974a,UX-974a
UX-974f,UX-974f
QJ-684d,QJ-684d
EY-363c,EY-363c
AX-908b,AX-908b
EY-358b,EY-358b
AX-215a,AX-215a
GM-844e,GM-844e
GM-212c,GM-212c
LG-854g,LG-854g
QQ-786b,QQ-786b
AJ-575b,AJ-575b
AX-215e,AX-215e
UX-755b,UX-755b
OP-248d,OP-248d
XV-825f,XV-825f
UX-674g,UX-674g
UX-357h,UX-357h
AX-128c,AX-128c
AX-558e,AX-558e
RV-276f,RV-276f
NH-613h,NH-613h
OS-189d,OS-189d
WB-675a,WB-675a
NG-246f,NG-246f
GM-844b,GM-844b
IV-942d,IV-942d
JS-309a,JS-309a
AJ-575c,AJ-575c
EY-363e,EY-363e
EY-358c,EY-358c
YK-590c,YK-590c
UX-755f,UX-755f
IY-964b,IY-964b
UX-974b,UX-974b
SO-953c,SO-953c
WB-675g,WB-675g
JS-570e,JS-570e
UX-674e,UX-674e
SO-953g,SO-953g
GC-645d,GC-645d
GC-645a,GC-645a
GC-032b,GC-032b
YK-005d,Halcyon
IV-942b,IV-942b
IY-964a,IY-964a
UX-974c,UX-974c
AX-908c,AX-908c
JS-309b,JS-309b
SO-953b,SO-953b
UX-674a,UX-674a
SO-953d,SO-953d
OT-580a,Iiron
XU-210c,XU-210c
XU-210i,XU-210i
XU-499b,XU-499b
BN-901c,BN-901c
SO-953j,SO-953j
GC-645g,GC-645g
LS-300a,LS-300a
WB-675b,WB-675b
XS-305a,XS-305a
LS-746c,LS-746c
IY-964c,IY-964c
IV-942c,IV-942c
SE-751b,SE-751b
SO-953e,SO-953e
SO-953h,SO-953h
KI-840e,KI-840e
SO-953i,SO-953i
KC-544e,KC-544e
WB-947d,WB-947d
MG-630i,MG-630i
AW-284a,AW-284a
NJ-438a,NJ-438a
WB-675f,WB-675f
EZ-476b,Nova Unalaska
NL-983e,NL-983e
VB-292b,VB-292b
OP-248e,OP-248e
XV-825h,XV-825h
XV-374j,XV-374j
MG-708e,MG-708e
LS-746h,LS-746h
OS-209a,OS-209a
KI-840f,KI-840f
EZ-476a,EZ-476a
AS-479g,AS-479g
VB-576c,VB-576c
VB-340c,VB-340c
EL-179i,EL-179i
UX-974e,UX-974e
XU-210e,XU-210e
WB-675h,WB-675h
XU-499f,XU-499f
KI-840d,KI-840d
IC-259d,IC-259d
DX-853g,DX-853g
JS-309e,JS-309e
QF-804a,QF-804a
LS-746e,LS-746e
AJ-575d,AJ-575d
UX-674f,UX-674f
QF-755b,QF-755b
UX-617c,UX-617c
UX-357b,UX-357b
EZ-476e,EZ-476e
BN-901e,BN-901e
AW-284e,AW-284e
AJ-575f,AJ-575f
NJ-438b,NJ-438b
NJ-874a,NJ-874a
CH-771c,CH-771c
NL-983b,NL-983b
XV-825i,XV-825i
MG-708g,MG-708g
CH-115e,Ignis Prime
LS-746d,LS-746d
KI-840g,KI-840g
OS-209c,OS-209c
AS-479d,AS-479d
VB-576g,VB-576g
EL-179h,EL-179h
EZ-476d,EZ-476d
WC-702i,WC-702i
QV-164f,QV-164f
UX-974d,UX-974d
WB-947i,WB-947i
IY-964d,IY-964d
SO-953f,SO-953f
WB-675e,WB-675e
NL-983a,NL-983a
XV-825g,XV-825g
QQ-082f,QQ-082f
XV-374b,XV-374b
QR-646a,QR-646a
QR-646h,QR-646h
OS-209f,OS-209f
AS-479b,AS-479b
VB-576b,VB-576b
VB-340b,VB-340b
IV-738d,IV-738d
IY-964e,IY-964e
NJ-438g,NJ-438g
NJ-874b,NJ-874b
YW-338e,YW-338e
AW-284b,AW-284b
NL-983d,NL-983d
XV-825j,XV-825j
XV-374e,XV-374e
GC-645c,GC-645c
XV-857c,XV-857c
GC-474a,GC-474a
IZ-054a,IZ-054a
QR-646d,QR-646d
QR-646i,QR-646i
AS-479f,AS-479f
VB-576d,VB-576d
VB-292f,VB-292f
QV-164b,QV-164b
NJ-438f,NJ-438f
NJ-874c,NJ-874c
XD-055a,XD-055a
OT-115d,OT-115d
AJ-575e,AJ-575e
AX-908a,AX-908a
XU-210a,XU-210a
EY-363a,EY-363a
GH-827c,GH-827c
XU-210g,XU-210g
AW-284g,AW-284g
OF-363b,OF-363b
NL-983c,NL-983c
LS-746f,LS-746f
XV-374d,XV-374d
XV-374i,XV-374i
YA-471e,YA-471e
AW-284c,AW-284c
VH-331b,Dreamerr Prime
AX-908d,AX-908d
XU-210d,XU-210d
XU-499e,XU-499e
DX-853a,DX-853a
AW-726b,AW-726b
QF-564f,QF-564f
QF-899a,QF-899a
EY-363d,EY-363d
QF-757c,QF-757c
RC-639c,RC-639c
QR-119b,QR-119b
EL-768a,EL-768a
EL-768e,EL-768e
SG-928g,SG-928g
OE-563j,OE-563j
NJ-438d,NJ-438d
XU-210b,XU-210b
XU-210j,XU-210j
XU-499d,XU-499d
XU-499g,XU-499g
IC-259b,IC-259b
DX-853d,DX-853d
QF-564b,QF-564b
QF-757d,QF-757d
AW-726e,AW-726e
BN-901d,BN-901d
SG-135b,SG-135b
QF-899d,QF-899d
QR-119c,QR-119c
UX-617a,UX-617a
EM-789a,EM-789a
IY-206d,IY-206d
NJ-438e,NJ-438e
XU-210h,XU-210h
XU-499h,XU-499h
VH-192a,VH-192a
NL-983f,NL-983f
NJ-874e,NJ-874e
TD-260c,TD-260c
XV-374h,XV-374h
VH-331d,Helion Prime
QR-646g,QR-646g
AS-479c,AS-479c
VB-576a,VB-576a
VB-292c,VB-292c
IV-738c,IV-738c
QR-166b,QR-166b
QV-164d,QV-164d
DC-970c,DC-970c
NJ-438c,NJ-438c
NJ-874f,NJ-874f
LS-934b,LS-934b
NL-983g,NL-983g
XV-374f,XV-374f
GY-252e,GY-252e
QR-646f,QR-646f
CG-044d,Aeolus
IZ-911c,IZ-911c
VB-576e,VB-576e
VB-340f,VB-340f
VB-292e,VB-292e
IV-738e,IV-738e
QR-166c,QR-166c
UQ-194b,UQ-194b
NJ-874d,NJ-874d
AW-726d,AW-726d
LS-231c,Hekaton
XU-210f,XU-210f
XU-499a,XU-499a
UX-617g,UX-617g
BN-901f,BN-901f
XU-499i,XU-499i
IC-259c,IC-259c
DX-853f,DX-853f
QF-804d,QF-804d
QF-564d,QF-564d
QF-755d,QF-755d
BN-436e,BN-436e
QF-899f,QF-899f
GM-212f,GM-212f
QF-757f,QF-757f
YK-005b,YK-005b
XU-499c,XU-499c
XU-100a,XU-100a
DX-853b,DX-853b
QF-804b,QF-804b
NG-164d,NG-164d
LB-476b,LB-476b
QF-564g,QF-564g
QF-757i,QF-757i
SG-135f,SG-135f
IA-335d,IA-335d
EY-363b,EY-363b
EY-358d,EY-358d
UX-617f,UX-617f
AX-128a,AX-128a
XU-753b,XU-753b
RC-040b,Malahat
IC-259a,IC-259a
BN-436b,BN-436b
DX-853c,DX-853c
QF-899g,QF-899g
IA-603d,IA-603d
QF-757a,QF-757a
QF-930a,QF-930a
RC-639b,RC-639b
SG-135a,SG-135a
EY-358a,EY-358a
UQ-875a,UQ-875a
UQ-875d,UQ-875d
AX-128f,AX-128f
UX-357g,UX-357g
XU-753c,XU-753c
RV-276g,RV-276g
YV-391f,YV-391f
EY-847a,EY-847a
OT-442f,OT-442f
XV-857a,XV-857a
IZ-054d,IZ-054d
EY-358e,EY-358e
AJ-293g,AJ-293g
QR-646b,QR-646b
OP-649c,OP-649c
PD-518c,PD-518c
VB-576f,VB-576f
UX-357c,UX-357c
AX-558d,AX-558d
RV-276d,RV-276d
LB-506f,LB-506f
IC-259e,IC-259e
UQ-875f,UQ-875f
EY-847f,EY-847f
DX-853e,DX-853e
QF-804c,QF-804c
IA-603a,IA-603a
XV-857e,XV-857e
SL-006a,SL-006a
GK-258a,GK-258a
QF-564c,QF-564c
QF-757e,QF-757e
QF-757g,QF-757g
LS-746g,LS-746g
UQ-875e,UQ-875e
EZ-476c,EZ-476c
CH-771d,CH-771d
KC-051e,KC-051e
SL-006b,SL-006b
QF-755c,QF-755c
QF-899e,QF-899e
QF-757h,QF-757h
IA-603c,IA-603c
CG-339b,CG-339b
RC-639e,RC-639e
QF-930d,QF-930d
LS-300f,LS-300f
YI-552d,YI-552d
EL-768i,EL-768i
SG-135e,SG-135e
EL-768g,EL-768g
UQ-875c,UQ-875c
BN-436f,BN-436f
IY-206a,IY-206a
SL-006c,SL-006c
LS-300e,LS-300e
QF-757b,QF-757b
GH-780b,GH-780b
IY-206h,IY-206h
GK-258f,GK-258f
UX-357e,UX-357e
AX-558c,AX-558c
EY-847b,EY-847b
XV-857f,XV-857f
GC-025b,GC-025b
GY-252c,GY-252c
LS-300h,LS-300h
EZ-476f,EZ-476f
KI-446f,KI-446f
SL-006d,SL-006d
IY-206b,IY-206b
UX-357i,UX-357i
AX-128e,AX-128e
GK-258d,GK-258d
AX-558a,AX-558a
WU-070g,WU-070g
CH-115c,CH-115c
XU-753d,XU-753d
YI-059f,Kub
CG-339d,CG-339d
RC-639d,RC-639d
EL-768b,EL-768b
DC-823d,DC-823d
AJ-946f,AJ-946f
XD-311d,XD-311d
AJ-946c,AJ-946c
WC-299b,WC-299b
SL-006e,SL-006e
XV-857d,XV-857d
IY-206f,IY-206f
GC-474f,GC-474f
GC-025e,GC-025e
OE-568j,OE-568j
QR-646c,QR-646c
VB-340a,VB-340a
VB-340e,VB-340e
AX-128g,AX-128g
RV-276b,RV-276b
NG-246c,NG-246c
GM-037b,GM-037b
EY-847e,EY-847e
AW-284f,AW-284f
XV-857g,XV-857g
AX-558f,AX-558f
GC-474g,GC-474g
NG-246a,NG-246a
IZ-054f,IZ-054f
QR-646e,QR-646e
GM-037h,GM-037h
VB-340g,VB-340g
VB-292a,VB-292a
IV-738a,IV-738a
QR-166a,QR-166a
QF-899h,QF-899h
BN-436h,BN-436h
BN-886f,BN-886f
BN-299a,BN-299a
IY-206g,IY-206g
EY-847g,EY-847g
GC-474b,GC-474b
AX-558g,AX-558g
XU-753a,XU-753a
GM-037c,GM-037c
IZ-054h,IZ-054h
SL-132a,SL-132a
SG-135c,SG-135c
GC-602e,GC-602e
GY-528a,GY-528a
VB-292g,VB-292g
IV-102b,IV-102b
QR-166d,QR-166d
OT-580c,Vallis
UQ-553a,UQ-553a
WR-709c,WR-709c
EM-789c,EM-789c
SG-135d,SG-135d
UQ-875g,UQ-875g
UQ-010a,UQ-010a
GC-474c,GC-474c
GC-025c,GC-025c
IZ-054i,IZ-054i
GC-602d,GC-602d
YI-265j,YI-265j
AM-783c,Ementior
IV-738b,IV-738b
UQ-553b,UQ-553b
OY-661b,OY-661b
KI-080f,KI-080f
WR-530b,WR-530b
QR-166e,QR-166e
WR-186c,WR-186c
BN-436i,BN-436i
BN-886d,BN-886d
ZK-602a,ZK-602a
HV-322a,HV-322a
QV-783b,QV-783b
HV-322f,HV-322f
CC-541c,CC-541c
CC-541f,CC-541f
IY-206e,IY-206e
RV-276a,RV-276a
ZK-602c,ZK-602c
NG-246b,NG-246b
GC-474d,GC-474d
IZ-054b,IZ-054b
GC-602g,GC-602g
QJ-149a,Hearth
GY-528d,GY-528d
IV-738f,IV-738f
IY-816d,IY-816d
GM-037g,GM-037g
YI-683g,YI-683g
CG-339f,CG-339f
RC-639f,RC-639f
CB-276a,CB-276a
HV-322c,HV-322c
QV-783a,QV-783a
CC-541g,CC-541g
ZK-602e,ZK-602e
EL-768d,EL-768d
GC-474e,GC-474e
GC-602c,GC-602c
GY-528f,GY-528f
BN-436j,BN-436j
UI-491c,UI-491c
DC-823c,DC-823c
AJ-946d,AJ-946d
KI-080c,KI-080c
FA-056a,FA-056a
FA-056d,FA-056d
HV-322b,HV-322b
QV-783c,QV-783c
CC-541h,CC-541h
IZ-911g,IZ-911g
GC-025a,GC-025a
EL-768f,EL-768f
SG-135g,SG-135g
UQ-010b,UQ-010b
IZ-054g,IZ-054g
GC-602b,GC-602b
GY-528b,GY-528b
KI-080b,KI-080b
YP-951a,YP-951a
UQ-553f,UQ-553f
OF-185b,OF-185b
OY-661d,OY-661d
GH-082a,GH-082a
OE-568g,OE-568g
CB-276b,CB-276b
YI-683a,YI-683a
HV-322e,HV-322e
EL-768h,EL-768h
DC-823a,DC-823a
CC-541d,CC-541d
FA-056b,FA-056b
UQ-010d,UQ-010d
UQ-553e,UQ-553e
DC-823g,DC-823g
EM-789d,EM-789d
AJ-946g,AJ-946g
FA-056e,FA-056e
IY-387a,IY-387a
RV-276e,RV-276e
OE-563f,OE-563f
QV-420a,QV-420a
CC-674a,CC-674a
HV-472b,HV-472b
HV-322d,HV-322d
CC-541b,CC-541b
QV-783d,QV-783d
CG-339a,CG-339a
EL-952b,EL-952b
EL-768j,EL-768j
BS-531a,BS-531a
FK-794e,FK-794e
KW-602a,KW-602a
DC-823h,DC-823h
IZ-054c,IZ-054c
BN-886e,BN-886e
GC-602h,GC-602h
BN-886b,BN-886b
BN-886g,BN-886g
BN-299g,BN-299g
YI-059b,YI-059b
QV-783e,QV-783e
CB-276c,CB-276c
FA-056f,FA-056f
HM-910d,HM-910d
IY-387c,IY-387c
IZ-054e,IZ-054e
GY-528e,GY-528e
RV-276c,RV-276c
NG-246g,NG-246g
GM-037d,GM-037d
XD-055e,XD-055e
KI-080g,KI-080g
ZV-307e,Astraeus
YP-951h,YP-951h
DW-419d,DW-419d
KI-446h,KI-446h
CG-044a,CG-044a
FA-056c,FA-056c
IY-387e,IY-387e
NG-246d,NG-246d
ZK-602d,ZK-602d
XH-556c,Soteria
ZV-759a,ZV-759a
ZV-759i,ZV-759i
GM-037f,GM-037f
NG-848a,NG-848a
ZV-759j,Black Mesa
CH-115a,CH-115a
JS-009a,JS-009a
KI-080h,KI-080h
KI-446g,KI-446g
KI-446e,KI-446e
LS-231b,Aratora
ZV-759g,ZV-759g
DC-970d,DC-970d
IY-387d,IY-387d
KW-689c,KW-689c
YA-471f,YA-471f
CG-339c,CG-339c
NG-246e,NG-246e
EL-768c,EL-768c
DC-823e,DC-823e
YK-024b,YK-024b
CG-856c,CG-856c
TD-298a,TD-298a
AJ-946h,AJ-946h
BI-373a,BI-373a
YK-649a,YK-649a
VH-778b,Shesmu
CG-339e,CG-339e
DC-970f,DC-970f
IY-387b,IY-387b
BI-373b,BI-373b
KI-401c,KI-401c
BI-417e,BI-417e
DC-823i,DC-823i
AJ-946j,AJ-946j
BN-886c,BN-886c
XS-072a,XS-072a
KI-401a,Kevin
LG-913f,LG-913f
CG-856b,CG-856b
BN-299b,BN-299b
TD-298d,TD-298d
TD-331d,TD-331d
BN-299h,BN-299h
BN-805d,BN-805d
LG-907h,LG-907h
DC-970b,DC-970b
GC-032a,GC-032a
GC-032j,GC-032j
KW-689a,Kaffee
JS-913c,JS-913c
KW-689d,KW-689d
BI-373c,BI-373c
YI-705c,YI-705c
OF-363a,OF-363a
KW-020a,KW-020a
BI-417f,BI-417f
BS-865a,BS-865a
DC-724f,DC-724f
RY-305d,RY-305d
UQ-010c,UQ-010c
WR-667a,WR-667a
LG-907f,LG-907f
GC-032c,GC-032c
JS-913g,JS-913g
BI-373d,BI-373d
JS-913d,JS-913d
DC-970e,DC-970e
QQ-786c,QQ-786c
NH-565b,NH-565b
CG-856d,CG-856d
BS-865b,BS-865b
RY-305c,RY-305c
AM-644e,AM-644e
BI-500f,BI-500f
UQ-553c,UQ-553c
OY-661c,OY-661c
WR-709a,WR-709a
KI-446i,KI-446i
LG-907a,LG-907a
GC-032e,GC-032e
JS-913b,JS-913b
BI-417a,BI-417a
JS-913h,JS-913h
QQ-786d,QQ-786d
AW-844b,AW-844b
BI-500a,BI-500a
LB-056a,LB-056a
DC-970g,DC-970g
OF-552d,OF-552d
XS-072g,XS-072g
XS-538c,XS-538c
LG-418f,LG-418f
TD-228e,TD-228e
OF-552g,OF-552g
LB-056f,LB-056f
BN-886i,BN-886i
AM-783f,AM-783f
LG-907d,LG-907d
DC-823f,DC-823f
AJ-946i,AJ-946i
JS-913f,JS-913f
JS-913e,JS-913e
IA-982a,IA-982a
NH-565d,NH-565d
BS-865e,BS-865e
RY-305b,RY-305b
NG-848b,NG-848b
BN-805a,BN-805a
BN-805b,BN-805b
BN-886h,BN-886h
BN-805c,BN-805c
KI-446c,KI-446c
XD-005b,XD-005b
BI-417c,BI-417c
OF-552c,OF-552c
LG-907g,LG-907g
IA-151a,IA-151a
AM-783g,AM-783g
GC-032d,GC-032d
IA-982b,IA-982b
UP-573a,UP-573a
LB-056c,LB-056c
XS-072c,XS-072c
KW-358b,Giedi Prime
XS-538d,XS-538d
RC-668a,RC-668a
RC-668b,RC-668b
LG-418c,LG-418c
LS-271d,LS-271d
LG-907e,LG-907e
GC-032f,GC-032f
IA-982c,IA-982c
LB-056e,LB-056e
BI-417b,BI-417b
IA-335h,Arelius
WU-882i,WU-882i
AM-644b,AM-644b
ZV-194a,Nike
UQ-553d,UQ-553d
NH-565c,NH-565c
OY-661e,OY-661e
DC-724b,DC-724b
RY-305f,RY-305f
OF-185c,OF-185c
EM-929b,EM-929b
LB-506e,LB-506e
KI-446d,KI-446d
BI-417d,BI-417d
WR-709h,WR-709h
NH-565f,NH-565f
LE-137c,LE-137c
AM-783b,Gallus
OF-552f,OF-552f
LG-907c,LG-907c
GC-032i,GC-032i
BS-865f,BS-865f
RY-305g,RY-305g
OS-416d,OS-416d
CG-281a,CG-281a
IA-982e,IA-982e
NG-848c,NG-848c
JS-009d,JS-009d
OS-053a,OS-053a
NH-000a,NH-000a
GC-032g,GC-032g
IA-982f,IA-982f
YK-266c,YK-266c
WR-709b,WR-709b
LG-907b,LG-907b
EX-292a,EX-292a
EM-789b,EM-789b
OE-563e,OE-563e
BN-299f,BN-299f
XS-072d,XS-072d
BN-386c,BN-386c
HP-933e,HP-933e
XS-538f,XS-538f
KI-446j,KI-446j
CG-044e,CG-044e
LG-418e,LG-418e
TD-298c,TD-298c
TD-331b,TD-331b
EM-789g,EM-789g
XH-329a,Uponor
NH-565e,NH-565e
OF-552e,OF-552e
CG-281e,CG-281e
BS-865c,BS-865c
DC-724e,DC-724e
AM-644a,AM-644a
OS-416a,OS-416a
LB-056d,LB-056d
VH-503d,VH-503d
RC-668c,RC-668c
AJ-293b,AJ-293b
JS-009e,JS-009e
OS-053b,OS-053b
NH-000d,NH-000d
NH-000b,NH-000b
CG-281c,CG-281c
BI-500c,BI-500c
NH-565g,NH-565g
WR-709i,WR-709i
BS-865d,BS-865d
EL-952a,EL-952a
LG-907i,LG-907i
WR-667c,WR-667c
DC-724c,DC-724c
IA-982g,IA-982g
AM-644c,AM-644c
EM-789f,EM-789f
JS-009f,JS-009f
AJ-120b,AJ-120b
HV-594a,HV-594a
LB-056b,LB-056b
CG-044b,CG-044b
IY-028a,IY-028a
XH-556d,XH-556d
CG-281f,CG-281f
GK-619a,GK-619a
FW-691a,FW-691a
VH-241e,VH-241e
RC-668h,RC-668h
RY-305e,RY-305e
AM-644f,AM-644f
JS-009g,JS-009g
OS-053e,OS-053e
KC-765a,KC-765a
WO-099b,WO-099b
BN-299c,BN-299c
NH-000g,NH-000g
AJ-293c,AJ-293c
WO-404b,WO-404b
WO-404e,WO-404e
YK-649d,YK-649d
CG-281d,CG-281d
GK-619e,GK-619e
GK-619f,GK-619f
FW-691e,FW-691e
AM-644d,AM-644d
OS-416c,OS-416c
EX-292d,EX-292d
EL-952i,EL-952i
JS-009b,JS-009b
OS-053c,OS-053c
OY-569c,Nehalennia
XU-397i,XU-397i
VH-503e,VH-503e
RC-668e,RC-668e
XS-072f,XS-072f
XS-538e,XS-538e
GK-619b,GK-619b
EX-292b,EX-292b
XS-072b,XS-072b
GK-619g,GK-619g
BI-500d,BI-500d
UI-491b,UI-491b
WR-709d,WR-709d
LG-418g,LG-418g
WR-530f,WR-530f
WR-186b,WR-186b
FW-691f,FW-691f
WR-453f,WR-453f
EM-789e,EM-789e
TD-203g,TD-203g
VH-503b,VH-503b
IY-028e,IY-028e
RC-668f,RC-668f
AJ-293d,AJ-293d
OF-586a,OF-586a
EL-952h,EL-952h
OS-416b,OS-416b
JS-009h,JS-009h
OS-053d,OS-053d
NH-000f,NH-000f
GK-619d,GK-619d
VH-778a,VH-778a
HM-910c,Cantium
FW-691b,FW-691b
TD-203h,TD-203h
VH-241a,VH-241a
RC-668d,RC-668d
KI-080e,KI-080e
YP-951c,YP-951c
AJ-293f,AJ-293f
UP-170b,Crafts Folly
YK-005c,YK-005c
EX-292c,EX-292c
EL-952g,EL-952g
GK-619c,GK-619c
OS-416e,OS-416e
ZV-194h,ZV-194h
XS-072e,XS-072e
LG-913g,LG-913g
ZV-307f,ZV-307f
EY-303a,EY-303a
XU-397a,XU-397a
GK-619j,GK-619j
GK-619i,GK-619i
NH-000i,NH-000i
TD-298f,TD-298f
TD-152f,TD-152f
NH-000e,NH-000e
KI-080d,KI-080d
EL-952f,EL-952f
BI-500e,BI-500e
WR-709e,WR-709e
NG-848d,NG-848d
IZ-654c,IZ-654c
HV-594b,HV-594b
GK-619h,GK-619h
FW-691d,FW-691d
AU-290b,AU-290b
OY-701b,OY-701b
BN-386b,BN-386b
WO-907a,WO-907a
WO-907c,WO-907c
WO-404a,WO-404a
RC-668g,RC-668g
HP-933d,HP-933d
QV-420c,QV-420c
CH-657d,CH-657d
UB-860c,UB-860c
MG-483e,MG-483e
EL-952c,EL-952c
FW-691g,FW-691g
MG-483h,MG-483h
EY-303f,EY-303f
XU-397e,XU-397e
NH-000h,NH-000h
QF-764a,QF-764a
KI-080a,KI-080a
KW-358d,Ix
DC-823b,Talosia
VH-241d,VH-241d
AJ-293e,AJ-293e
OF-586c,OF-586c
KQ-520b,KQ-520b
KQ-520d,KQ-520d
MG-483b,MG-483b
EL-952j,EL-952j
MG-483c,MG-483c
GH-780d,GH-780d
IA-158d,IA-158d
XU-397d,XU-397d
LS-746b,Stella Prime
TD-203a,TD-203a
NH-000j,NH-000j
GH-082c,GH-082c
OF-208d,OF-208d
KQ-451e,KQ-451e
TD-203f,TD-203f
ZK-780a,ZK-780a
DX-561a,DX-561a
CH-657b,CH-657b
AW-006c,AW-006c
EL-952e,EL-952e
IZ-911b,IZ-911b
HP-454g,HP-454g
YI-552b,YI-552b
MG-483d,MG-483d
QR-971a,QR-971a
QQ-645b,Celebdil
ZV-896d,ZV-896d
HM-301g,HM-301g
DX-561b,DX-561b
EW-604a,EW-604a
EY-577c,EY-577c
OF-586d,OF-586d
EL-952d,EL-952d
KQ-520a,KQ-520a
KQ-520e,KQ-520e
QR-971d,QR-971d
CH-657c,CH-657c
WR-709f,WR-709f
WR-667b,WR-667b
WR-530e,WR-530e
WR-186e,WR-186e
WR-453g,WR-453g
IZ-654b,IZ-654b
HV-594f,HV-594f
AU-290a,AU-290a
BN-386f,BN-386f
BN-386a,BN-386a
BN-386h,BN-386h
XS-538a,XS-538a
KQ-520c,KQ-520c
KQ-520g,KQ-520g
AW-006d,AW-006d
MG-483a,MG-483a
EY-303g,EY-303g
XU-397c,XU-397c
XD-027e,XD-027e
WR-709g,WR-709g
WR-453d,WR-453d
YW-240b,YW-240b
DX-561d,DX-561d
GY-919c,GY-919c
JS-869b,JS-869b
OF-586e,OF-586e
XD-354g,XD-354g
OP-964a,OP-964a
OP-964d,OP-964d
MG-708a,MG-708a
MG-483g,MG-483g
QR-971e,QR-971e
KQ-520f,KQ-520f
JS-869f,JS-869f
EY-303c,EY-303c
OP-964b,OP-964b
XU-397g,XU-397g
KQ-520h,KQ-520h
WR-530a,WR-530a
WR-186a,WR-186a
UB-808b,UB-808b
XS-538b,XS-538b
LG-418d,LG-418d
LG-913b,LG-913b
TD-298e,TD-298e
TD-331e,TD-331e
TD-152g,TD-152g
KQ-520i,KQ-520i
JS-869e,JS-869e
MG-483f,MG-483f
WR-530c,WR-530c
EY-303e,EY-303e
XU-397h,XU-397h
XD-027d,XD-027d
EM-988d,EM-988d
YP-951g,YP-951g
YK-649e,YK-649e
QR-971c,QR-971c
OP-964e,OP-964e
CB-528a,CB-528a
LG-418a,LG-418a
LG-913d,LG-913d
TD-331a,TD-331a
TD-228a,TD-228a
UP-462e,UP-462e
WB-675i,Gasworld
QR-971b,QR-971b
YW-685a,YW-685a
DX-561c,DX-561c
UB-808g,UB-808g
RV-854b,RV-854b
TO-392a,TO-392a
JS-753a,JS-753a
JS-753h,JS-753h
XU-397f,XU-397f
XD-027c,XD-027c
EM-988g,EM-988g
OF-098a,OF-098a
KW-020e,KW-020e
UP-462a,UP-462a
RV-854e,RV-854e
JS-753f,JS-753f
WR-530d,WR-530d
WR-186d,WR-186d
WR-453e,WR-453e
JS-869a,JS-869a
IZ-654a,IZ-654a
HV-594h,HV-594h
AU-290c,AU-290c
QR-971f,QR-971f
HP-933c,HP-933c
OP-964c,OP-964c
CB-528c,CB-528c
BN-386g,BN-386g
WO-099a,WO-099a
LG-913a,LG-913a
TD-152a,TD-152a
QJ-684e,QJ-684e
JS-753d,JS-753d
UP-462h,UP-462h
CB-528b,CB-528b
SO-014b,SO-014b
XH-556b,XH-556b
VH-874c,VH-874c
EY-303h,EY-303h
ZV-759e,ZV-759e
XG-751b,XG-751b
LG-913c,LG-913c
IA-151d,IA-151d
YA-471h,YA-471h
TD-152d,TD-152d
YA-471d,YA-471d
XU-397b,XU-397b
AW-284d,AW-284d
UP-462d,UP-462d
NJ-094a,NJ-094a
WR-453a,WR-453a
CG-856a,CG-856a
CB-528f,CB-528f
JS-753g,JS-753g
WB-675d,WB-675d
MG-623a,MG-623a
TD-331c,TD-331c
XG-287a,XG-287a
EY-303i,EY-303i
XD-027a,XD-027a
OF-098b,OF-098b
OF-098g,OF-098g
HV-594d,HV-594d
CB-528e,CB-528e
NJ-094e,NJ-094e
JS-753e,JS-753e
UP-462g,UP-462g
YW-240c,YW-240c
QJ-684b,Aceland
VH-778f,VH-778f
SO-014f,SO-014f
SO-715a,SO-715a
VH-874d,VH-874d
FA-382d,FA-382d
TD-152e,TD-152e
TD-228d,TD-228d
XG-326d,Frost
XV-825d,XV-825d
CH-771a,Pyrgos
NJ-094c,NJ-094c
CB-528d,CB-528d
YI-209c,YI-209c
JS-869d,JS-869d
UP-462b,UP-462b
WU-070e,WU-070e
BN-386e,BN-386e
SG-779d,SG-779d
WO-404c,WO-404c
BN-386i,BN-386i
WR-453c,WR-453c
WO-052f,WO-052f
MG-623c,MG-623c
SO-715f,SO-715f
FA-382a,FA-382a
TD-152c,TD-152c
HV-594e,HV-594e
AU-290d,AU-290d
XG-326c,Nutaaq Nuuk
UP-462c,UP-462c
NJ-094g,NJ-094g
SO-014a,SO-014a
QV-865a,QV-865a
DX-561e,DX-561e
QV-865d,QV-865d
SG-779g,SG-779g
WR-453b,WR-453b
UI-199c,UI-199c
UI-199d,UI-199d
UI-491f,UI-491f
UI-199g,UI-199g
SO-715e,SO-715e
MG-623b,MG-623b
HV-594g,HV-594g
GY-919b,GY-919b
EY-577e,EY-577e
OF-586f,OF-586f
NJ-094f,NJ-094f
TD-203c,TD-203c
SO-014h,SO-014h
ZV-194c,ZV-194c
UP-462i,UP-462i
LS-300c,Griffonstone
OT-889c,OT-889c
FA-382b,FA-382b
HM-049b,Poseidon
QF-764d,QF-764d
QF-497a,QF-497a
UB-808d,UB-808d
FW-129a,FW-129a
FW-129f,FW-129f
ZV-759d,Agamemnon
SO-014e,SO-014e
VI-001c,VI-001c
DX-561f,DX-561f
UP-462f,UP-462f
NJ-094b,NJ-094b
QV-865b,QV-865b
EX-183e,EX-183e
SG-779b,SG-779b
SO-715g,SO-715g
HM-910b,HM-910b
QF-764e,QF-764e
OF-883g,OF-883g
QF-497e,QF-497e
HV-813g,HV-813g
VI-001a,VI-001a
VI-001i,VI-001i
DX-561g,DX-561g
HV-813c,HV-813c
LS-436a,LS-436a
SG-779f,SG-779f
VI-001b,VI-001b
VI-001h,VI-001h
XD-027f,XD-027f
XD-027g,XD-027g
FA-035a,FA-035a
MG-623g,MG-623g
EM-988c,EM-988c
HV-594i,HV-594i
GM-498a,GM-498a
GY-919d,GY-919d
OF-098c,OF-098c
HM-517g,HM-517g
YP-888h,YP-888h
YP-951f,YP-951f
HV-813d,HV-813d
SO-014d,SO-014d
QF-764b,QF-764b
EY-577a,EY-577a
EM-988e,EM-988e
LS-436d,LS-436d
NJ-094d,NJ-094d
KI-401d,KI-401d
QF-497f,QF-497f
GH-459c,Tropica
EW-445f,EW-445f
EX-183g,EX-183g
BN-386d,BN-386d
FA-382c,FA-382c
FW-129g,FW-129g
XD-027b,XD-027b
OF-098f,OF-098f
HM-517h,HM-517h
YP-951d,YP-951d
QF-764c,QF-764c
QF-497c,QF-497c
HV-813b,HV-813b
SL-542d,SL-542d
LS-436b,LS-436b
EW-445d,EW-445d
SO-014g,SO-014g
QV-865c,QV-865c
OF-259d,Jura
SO-715d,SO-715d
JP-324b,JP-324b
JP-324d,JP-324d
LG-430a,LG-430a
IV-313a,IV-313a
FW-129b,FW-129b
EM-988b,EM-988b
OF-098d,OF-098d
HM-517f,HM-517f
HM-910a,HM-910a
QF-497d,QF-497d
BS-658f,BS-658f
HV-813f,HV-813f
LS-436c,LS-436c
EY-577d,EY-577d
PD-718d,PD-718d
EW-445a,EW-445a
EM-988a,EM-988a
OF-098h,OF-098h
HM-517b,HM-517b
HM-517e,HM-517e
OF-259b,OF-259b
YP-951e,YP-951e
DW-419a,DW-419a
XV-857b,XV-857b
OY-799a,OY-799a
OT-364e,OT-364e
LG-430c,LG-430c
LE-137a,LE-137a
SG-779e,SG-779e
VI-001d,VI-001d
IA-335a,IA-335a
FA-035c,FA-035c
IA-335e,IA-335e
QF-497b,QF-497b
MG-623d,MG-623d
HV-594c,HV-594c
IC-012a,IC-012a
JP-324c,JP-324c
IV-313c,IV-313c
FW-129c,FW-129c
HV-813h,HV-813h
LS-436f,LS-436f
EZ-176a,EZ-176a
SE-648c,SE-648c
UQ-194a,UQ-194a
PD-718f,PD-718f
QV-865f,QV-865f
BS-658b,BS-658b
LS-436e,LS-436e
EW-445c,EW-445c
BS-658a,BS-658a
LG-430b,LG-430b
EM-988f,EM-988f
OF-098e,OF-098e
HM-517d,HM-517d
OF-259e,OF-259e
OT-364a,OT-364a
SE-866d,SE-866d
WC-702h,WC-702h
QV-164g,QV-164g
XD-055b,XD-055b
LB-716c,LB-716c
IC-162h,IC-162h
PD-718b,PD-718b
LE-137b,LE-137b
OT-889b,Jeetiyu
GH-384d,GH-384d
OT-364f,OT-364f
IA-335f,IA-335f
SE-866a,SE-866a
IC-012d,IC-012d
JP-324e,JP-324e
DW-419b,DW-419b
IY-028f,IY-028f
LG-430d,LG-430d
IV-313d,IV-313d
FW-129d,FW-129d
ZV-896c,Life
EW-445e,EW-445e
QV-865e,QV-865e
TD-552a,TD-552a
AX-872a,AX-872a
XD-055d,XD-055d
OF-883b,OF-883b
PD-718a,PD-718a
AX-872d,AX-872d
WO-099c,WO-099c
WO-907d,WO-907d
XU-145f,XU-145f
VI-001e,VI-001e
FA-035d,FA-035d
OF-504c,OF-504c
OE-568a,OE-568a
DW-739b,DW-739b
TD-552c,TD-552c
YI-280j,Dodai
TD-260e,TD-260e
OF-504d,OF-504d
XH-265a,XH-265a
EL-419d,EL-419d
WB-947b,WB-947b
SE-052b,SE-052b
YI-683f,YI-683f
VH-331f,Odysseus
OF-883a,OF-883a
PD-718e,PD-718e
OT-364g,OT-364g
OE-568i,OE-568i
EW-445b,EW-445b
EM-988h,EM-988h
OY-701a,OY-701a
LE-137d,LE-137d
JK-782c,Time's Edge
WO-907b,WO-907b
IY-028d,IY-028d
AX-872c,AX-872c
XD-055c,XD-055c
OF-883e,OF-883e
VI-001f,VI-001f
FA-035b,FA-035b
DW-739e,DW-739e
FA-035e,FA-035e
MG-623i,MG-623i
AM-001c,AM-001c
UB-557e,UB-557e
AU-709a,AU-709a
QV-420b,QV-420b
CC-674b,CC-674b
XG-326e,Outpost
HM-049d,HM-049d
XU-145c,XU-145c
VH-331i,Hydron
AX-872f,AX-872f
OF-883c,OF-883c
TD-552d,TD-552d
VI-001g,VI-001g
VH-043c,Nobelion
TD-260a,TD-260a
TD-260i,TD-260i
UV-351a,Katoa
AM-783a,Nexus Exos
UB-557d,UB-557d
XD-534a,XD-534a
OF-504i,OF-504i
EL-419i,EL-419i
TD-552e,TD-552e
LE-137g,LE-137g
TD-260h,TD-260h
IA-335b,IA-335b
IC-012b,IC-012b
LG-430g,LG-430g
OF-504e,OF-504e
EL-419e,EL-419e
JS-869c,JS-869c
EX-183a,EX-183a
OF-883f,OF-883f
IV-313b,IV-313b
VH-331h,Hypoxia
UB-557a,UB-557a
XD-534b,XD-534b
OT-364d,OT-364d
HM-517c,HM-517c
TD-552b,TD-552b
OF-504g,OF-504g
EL-419h,EL-419h
EX-183c,EX-183c
OE-568d,OE-568d
DW-739d,DW-739d
ZK-990a,ZK-990a
ZK-780g,ZK-780g
ZK-768a,ZK-768a
IZ-468a,IZ-468a
XD-534c,XD-534c
QJ-149d,QJ-149d
IZ-468c,IZ-468c
OF-259c,OF-259c
UB-557b,UB-557b
OT-364b,OT-364b
TD-552f,TD-552f
EX-183b,EX-183b
LE-137e,LE-137e
OF-504b,OF-504b
IA-335c,IA-335c
WO-907e,WO-907e
UB-557c,UB-557c
AM-528g,Niflheim
EL-419a,EL-419a
XD-534e,XD-534e
IC-012g,IC-012g
EL-419f,EL-419f
IV-313g,IV-313g
ZK-990d,ZK-990d
EX-183f,EX-183f
TD-552g,TD-552g
TD-260g,TD-260g
OF-883d,OF-883d
OF-504a,OF-504a
EL-419b,EL-419b
OE-568e,OE-568e
KC-544b,KC-544b
ZK-990c,ZK-990c
ZK-780b,ZK-780b
ZK-780e,ZK-780e
JS-952c,Gibson
XD-534f,XD-534f
SE-866b,SE-866b
ZK-768e,ZK-768e
OF-375a,OF-375a
EX-183d,EX-183d
ZV-194e,ZV-194e
LG-262c,LG-262c
XD-534g,XD-534g
SE-866c,SE-866c
LE-137f,LE-137f
OF-504h,OF-504h
IA-335g,IA-335g
EL-419c,EL-419c
WC-299c,WC-299c
OE-568c,OE-568c
WC-299h,WC-299h
ZV-896g,ZV-896g
BS-658c,BS-658c
BS-788g,BS-788g
EY-351a,EY-351a
WC-299d,WC-299d
EY-351f,EY-351f
VI-429a,VI-429a
FK-037b,FK-037b
VH-503a,VH-503a
UV-796e,UV-796e
EL-419g,EL-419g
OF-375b,Berthier
LG-262a,LG-262a
EX-925a,EX-925a
DW-739a,DW-739a
EX-925g,EX-925g
LS-746a,LS-746a
DW-419c,DW-419c
WU-070i,WU-070i
EY-351c,EY-351c
BS-788a,BS-788a
YI-705e,YI-705e
VI-429e,VI-429e
IC-012c,IC-012c
GH-780g,GH-780g
FA-320a,FA-320a
VI-429c,VI-429c
LG-262g,LG-262g
AX-872b,AX-872b
LG-430f,LG-430f
XU-145g,XU-145g
MG-623f,MG-623f
MG-623e,MG-623e
AU-709e,AU-709e
WO-404d,WO-404d
EZ-176f,EZ-176f
DW-739c,DW-739c
IC-012f,IC-012f
AX-872i,AX-872i
IV-313e,IV-313e
OE-568f,OE-568f
BS-788e,BS-788e
ZK-990b,ZK-990b
WC-299a,WC-299a
JP-324a,JP-324a
FA-320b,FA-320b
UB-808f,UB-808f
ZK-780c,ZK-780c
ZK-768c,ZK-768c
IZ-468d,IZ-468d
OF-259f,OF-259f
WC-702a,WC-702a
QV-164e,QV-164e
WC-299g,WC-299g
XH-083a,XH-083a
EY-351i,EY-351i
IC-012e,IC-012e
FA-320d,FA-320d
GK-258b,GK-258b
IV-313f,IV-313f
OE-568b,OE-568b
ZK-990f,ZK-990f
ZK-780f,ZK-780f
IZ-468e,IZ-468e
RY-853e,RY-853e
UB-808c,UB-808c
XD-354e,XD-354e
VI-429d,VI-429d
VI-429f,VI-429f
LG-262d,LG-262d
EX-925d,EX-925d
SE-866f,SE-866f
BS-788f,BS-788f
EY-351e,EY-351e
WC-299i,WC-299i
AX-383c,AX-383c
FA-320c,FA-320c
GK-258c,GK-258c
OE-568h,OE-568h
WO-491h,WO-491h
WO-404f,WO-404f
ZK-990e,ZK-990e
ZK-780d,ZK-780d
WO-052h,WO-052h
WO-617f,WO-617f
WX-031f,WX-031f
LB-506a,LB-506a
WU-070h,WU-070h
ZK-768d,ZK-768d
GK-258e,GK-258e
FW-691c,FW-691c
ZK-357a,ZK-357a
SO-832a,SO-832a
AX-872h,AX-872h
WC-299f,WC-299f
XU-145b,XU-145b
ZV-759h,ZV-759h
PG-899b,Saladin
SL-027e,SL-027e
IY-028b,IY-028b
ZV-639c,ZV-639c
GH-209f,GH-209f
OS-099a,OS-099a
OY-719a,OY-719a
OY-719b,OY-719b
AX-872g,AX-872g
WC-299e,WC-299e
GH-082g,GH-082g
XU-145e,XU-145e
SL-027d,SL-027d
MG-623h,MG-623h
BS-788b,BS-788b
AU-709b,AU-709b
MG-197a,MG-197a
UI-491a,UI-491a
EY-351h,EY-351h
UI-199e,UI-199e
UI-199f,UI-199f
EZ-176d,EZ-176d
VI-429b,VI-429b
OS-099e,OS-099e
OY-719d,OY-719d
YP-916e,YP-916e
EY-351b,EY-351b
OY-719h,OY-719h
OY-719j,OY-719j
SO-832b,SO-832b
YP-916d,YP-916d
LG-262b,LG-262b
BS-788d,BS-788d
WO-052g,WO-052g
LB-506b,LB-506b
ZK-768g,ZK-768g
WO-452h,WO-452h
WO-452b,WO-452b
WO-740a,WO-740a
WO-491f,WO-491f
WX-150b,WX-150b
WX-150c,WX-150c
EX-925c,EX-925c
IZ-468b,IZ-468b
JS-952f,JS-952f
BS-987b,BS-987b
UV-072c,Asbestos Lead Asbestos
OT-580b,Montem
YW-685e,YW-685e
QJ-684a,Lom Palanka
RC-944c,RC-944c
SL-027b,SL-027b
GH-209d,GH-209d
YW-685c,YW-685c
EY-351d,EY-351d
OY-719g,OY-719g
OY-719c,OY-719c
YP-916f,YP-916f
YW-338c,YW-338c
UQ-965d,UQ-965d
RV-188b,RV-188b
LB-506c,LB-506c
LG-262e,LG-262e
RV-188d,RV-188d
AM-884c,AM-884c
LB-599g,LB-599g
KW-020c,Milliways
WU-070f,WU-070f
OT-113b,OT-113b
WR-681a,WR-681a
QJ-650b,QJ-650b
SO-832c,SO-832c
LB-506d,LB-506d
OY-719i,OY-719i
YI-705f,YI-705f
YP-888a,YP-888a
YP-916b,YP-916b
JS-299b,JS-299b
LG-262h,LG-262h
RC-796g,RC-796g
RV-188a,RV-188a
DW-161c,DW-161c
EX-925e,EX-925e
XD-005c,XD-005c
AX-383a,AX-383a
OY-719f,OY-719f
WO-740b,WO-740b
YP-916c,YP-916c
PD-175d,PD-175d
LB-428g,LB-428g
YP-916g,YP-916g
ZK-357c,ZK-357c
OP-649a,OP-649a
WO-052b,WO-052b
WO-052e,WO-052e
WU-070d,WU-070d
LG-262f,LG-262f
UI-206b,UI-206b
LB-428a,LB-428a
EX-925b,EX-925b
XD-005h,XD-005h
AX-383g,AX-383g
SO-832e,SO-832e
WU-070a,Hyalos
ZK-768f,ZK-768f
OY-799d,OY-799d
RV-188c,RV-188c
ZV-307a,Eos
HM-910e,HM-910e
ZK-357d,ZK-357d
AW-844i,AW-844i
DW-161d,DW-161d
OY-719e,OY-719e
YP-916h,YP-916h
OP-649e,OP-649e
RC-796h,RC-796h
AX-383f,AX-383f
HM-910f,HM-910f
ZK-357b,ZK-357b
LS-828b,LS-828b
LS-828c,LS-828c
LS-828e,LS-828e
YP-916a,YP-916a
LG-262i,LG-262i
EX-925f,EX-925f
XD-005e,XD-005e
OP-649f,OP-649f
SO-832f,SO-832f
AM-462a,AM-462a
RY-780h,RY-780h
RY-853d,RY-853d
XG-326a,Foundation
YP-131b,YP-131b
LS-828d,LS-828d
UV-072b,UV-072b
SO-832d,SO-832d
SO-028a,SO-028a
AX-383e,AX-383e
OT-889f,OT-889f
RV-188e,RV-188e
GH-209c,GH-209c
OT-627c,Polaris
WB-948d,WB-948d
ZK-357g,ZK-357g
YI-209h,Harpina
AW-844e,AW-844e
RC-796c,RC-796c
IA-603b,Apothecary
AX-383d,AX-383d
WB-948b,WB-948b
EM-009d,EM-009d
XV-825c,XV-825c
KW-020b,KW-020b
LB-428d,LB-428d
KI-448a,KI-448a
ZK-357f,ZK-357f
AW-844f,AW-844f
OP-649d,OP-649d
WO-052d,WO-052d
AM-462d,AM-462d
RY-853f,RY-853f
SO-122e,SO-122e
FW-344c,FW-344c
UP-972e,UP-972e
UP-170a,UP-170a
UP-170d,UP-170d
WO-052c,WO-052c
AM-462b,AM-462b
RY-853h,RY-853h
OT-889g,OT-889g
AX-383b,AX-383b
ZV-307c,Hephaestus
AW-844c,AW-844c
RC-796b,RC-796b
OP-649b,OP-649b
DW-161e,DW-161e
UP-170c,UP-170c
UQ-194c,UQ-194c
SE-110f,SE-110f
MG-197c,MG-197c
IY-206c,IY-206c
YK-005e,YK-005e
IY-112a,IY-112a
QJ-650d,QJ-650d
TD-260d,TD-260d
WB-948e,WB-948e
AM-462e,AM-462e
EM-009e,EM-009e
IZ-911a,IZ-911a
ZV-639b,ZV-639b
AX-872e,AX-872e
KI-448c,KI-448c
AW-844d,AW-844d
OP-649g,OP-649g
KI-448d,KI-448d
RY-853i,RY-853i
SO-122c,SO-122c
AM-695g,AM-695g
UP-170f,UP-170f
OY-799b,OY-799b
IZ-468f,IZ-468f
SL-027c,SL-027c
GH-780c,GH-780c
IZ-911f,IZ-911f
WB-948f,WB-948f
ZV-896e,ZV-896e
SE-110c,Ice Station Alpha
EM-009a,EM-009a
AM-462c,AM-462c
RC-796a,RC-796a
SO-122h,SO-122h
PD-754c,PD-754c
QQ-001d,QQ-001d
XH-329b,XH-329b
SB-838a,Mizuho Star
SB-838b,Mikazuki Star
AW-844a,Euu
OT-442i,OT-442i
UV-795c,UV-795c
IZ-911d,IZ-911d
AW-844g,AW-844g
XU-145d,XU-145d
SO-028b,SO-028b
AU-522a,AU-522a
YI-705d,YI-705d
GM-037a,GM-037a
OF-443c,OF-443c
OF-443d,OF-443d
EM-009b,EM-009b
WO-617a,WO-617a
SB-838c,Kazehana Star
JS-572g,JS-572g
SL-027a,SL-027a
KC-765b,KC-765b
QQ-033a,QQ-033a
WO-052a,WO-052a
WO-491g,WO-491g
IZ-911e,IZ-911e
SO-028d,SO-028d
OF-443a,OF-443a
EM-009c,EM-009c
RV-084a,RV-084a
LB-428f,LB-428f
OE-462i,OE-462i
CH-913a,CH-913a
YP-888c,YP-888c
AW-844h,AW-844h
AU-522b,Typhon
JS-572b,JS-572b
KC-765e,KC-765e
QQ-033b,QQ-033b
NL-881e,NL-881e
ZV-759b,Vulcan
YI-059a,YI-059a
IZ-911h,IZ-911h
KW-020f,KW-020f
PD-718c,PD-718c
UI-206c,UI-206c
SO-028c,SO-028c
EM-009f,EM-009f
UI-206a,UI-206a
UI-206d,UI-206d
GY-986e,GY-986e
IZ-455a,IZ-455a
CH-913d,CH-913d
OF-935a,OF-935a
YI-209a,YI-209a
OS-550b,OS-550b
JS-572d,JS-572d
KC-765f,KC-765f
QQ-033c,QQ-033c
NL-506d,NL-506d
UI-973e,UI-973e
SO-028e,SO-028e
VH-043a,Phantasm
WU-308e,WU-308e
RV-084b,RV-084b
CH-913b,CH-913b
OF-935b,OF-935b
OT-115a,OT-115a
OS-550a,OS-550a
JS-572a,JS-572a
KC-765d,KC-765d
QQ-033d,QQ-033d
NL-881b,NL-881b
NL-506b,NL-506b
LS-621b,LS-621b
LS-483d,LS-483d
LS-123b,LS-123b
LS-271b,LS-271b
WU-308d,WU-308d
KW-358g,KW-358g
OT-115b,OT-115b
JS-637a,JS-637a
XG-452e,XG-452e
VH-241c,VH-241c
CH-913g,CH-913g
OF-935d,OF-935d
OS-550d,OS-550d
RV-084g,RV-084g
JS-572i,JS-572i
QQ-033f,QQ-033f
NL-881c,NL-881c
NL-506e,NL-506e
SL-027f,SL-027f
IC-945a,IC-945a
AU-709c,AU-709c
CH-913i,CH-913i
AM-462f,AM-462f
YP-819a,YP-819a
UV-062a,UV-062a
UP-573c,UP-573c
YP-131e,YP-131e
OF-935c,OF-935c
YP-922c,YP-922c
XG-452g,XG-452g
GY-986f,GY-986f
YI-209e,YI-209e
RC-796e,RC-796e
XH-556f,XH-556f
YI-715b,Verdant
PD-754g,PD-754g
QF-930b,QF-930b
YP-819b,YP-819b
SE-052f,SE-052f
UV-062d,UV-062d
YP-131c,YP-131c
LG-672a,LG-672a
NG-574b,NG-574b
GY-986c,GY-986c
RV-084f,RV-084f
CH-913h,CH-913h
UQ-965a,UQ-965a
YI-209f,YI-209f
OS-550e,OS-550e
WO-052i,WO-052i
WO-617b,WO-617b
YI-265a,YI-265a
JK-749a,JK-749a
XD-492a,XD-492a
JS-572e,JS-572e
QQ-033g,QQ-033g
JS-570i,Volos
YP-819c,YP-819c
OS-550c,OS-550c
UV-062e,UV-062e
RV-084c,RV-084c
UQ-965b,UQ-965b
GY-986g,GY-986g
YI-280e,YI-280e
CH-913c,CH-913c
RC-796d,RC-796d
OT-115c,OT-115c
YI-209g,YI-209g
UV-135b,UV-135b
JS-572j,JS-572j
SE-110e,SE-110e
RV-084h,RV-084h
ZV-896f,ZV-896f
UQ-965c,UQ-965c
YP-819d,YP-819d
XG-452h,XG-452h
YP-922b,YP-922b
RV-854d,RV-854d
YI-265h,YI-265h
AM-371a,AM-371a
UV-795h,UV-795h
UB-808e,UB-808e
WB-501a,WB-501a
GH-459e,GH-459e
RC-796f,RC-796f
DW-161a,DW-161a
PD-754h,PD-754h
YK-005a,YK-005a
UV-062f,UV-062f
RV-084e,RV-084e
SO-715b,SO-715b
UQ-965e,UQ-965e
DW-161b,DW-161b
AM-371b,AM-371b
YP-819e,YP-819e
XG-452d,XG-452d
PD-754a,PD-754a
BS-658g,BS-658g
SL-542e,SL-542e
YI-265f,YI-265f
SO-122g,SO-122g
UB-282h,UB-282h
XH-594f,XH-594f
LS-271f,LS-271f
UQ-965g,UQ-965g
QQ-786a,QQ-786a
YP-131a,YP-131a
YI-265e,YI-265e
YP-922a,YP-922a
CH-913f,CH-913f
YI-209j,YI-209j
OS-550f,OS-550f
JK-749e,JK-749e
XD-492c,XD-492c
JS-572f,JS-572f
QQ-033e,QQ-033e
NL-881a,NL-881a
NL-506a,NL-506a
LS-483c,LS-483c
UP-573b,UP-573b
NG-114c,NG-114c
OF-586b,Akkala
YP-131d,YP-131d
JK-749c,JK-749c
WO-617e,WO-617e
PD-754b,PD-754b
XD-492d,XD-492d
OS-550g,OS-550g
CH-913e,CH-913e
KI-439c,KI-439c
QJ-650c,Origo
KW-358f,KW-358f
KW-358i,KW-358i
JS-572h,JS-572h
WO-617c,WO-617c
CB-282b,Ad Gloriam Carbonis
WO-452a,WO-452a
PD-175b,PD-175b
JK-749b,JK-749b
AM-429a,AM-429a
TO-392d,Sabaton
AM-429f,AM-429f
UV-135a,UV-135a
AM-429h,AM-429h
CH-364a,CH-364a
CH-364d,CH-364d
CH-364b,CH-364b
CH-364e,CH-364e
FW-039a,FW-039a
XD-492b,XD-492b
OY-569b,OY-569b
IY-816e,IY-816e
FW-129e,FW-129e
DW-835a,DW-835a
QF-899c,QF-899c
PD-754e,PD-754e
AM-429d,AM-429d
PB-519a,Elysium
AM-429b,AM-429b
OY-799c,OY-799c
AM-371c,AM-371c
CH-364f,CH-364f
BS-658h,BS-658h
OT-889d,OT-889d
CH-364g,CH-364g
CH-364c,CH-364c
FW-039b,FW-039b
OF-208b,OF-208b
LB-428c,LB-428c
XG-430c,XG-430c
ZV-639e,ZV-639e
UV-062b,UV-062b
AM-429c,AM-429c
RV-084d,RV-084d
FW-039c,FW-039c
KQ-187a,KQ-187a
WB-501c,WB-501c
OF-552b,OF-552b
CH-913j,CH-913j
UQ-965h,UQ-965h
KI-439a,KI-439a
YI-683e,YI-683e
NL-881d,NL-881d
LS-621a,LS-621a
LS-483b,LS-483b
LS-123a,LS-123a
LS-271c,LS-271c
UI-206g,UI-206g
KQ-187b,KQ-187b
OT-442c,OT-442c
XV-374g,XV-374g
BS-658i,BS-658i
AM-429e,AM-429e
UV-062c,UV-062c
RV-084i,RV-084i
DW-835b,DW-835b
AM-429g,AM-429g
SE-110d,SE-110d
YW-685d,YW-685d
EZ-969a,EZ-969a
UQ-965f,UQ-965f
PB-296e,PB-296e
AM-371d,AM-371d
BS-865g,BS-865g
AM-371e,AM-371e
KQ-187e,KQ-187e
LG-430e,LG-430e
AM-429i,AM-429i
DW-835d,DW-835d
RY-780b,RY-780b
XH-083b,XH-083b
QJ-149f,QJ-149f
EZ-969b,EZ-969b
PB-519d,PB-519d
LB-428e,LB-428e
SE-110a,SE-110a
PB-951h,PB-951h
PB-994h,PB-994h
LB-599a,LB-599a
AM-371f,AM-371f
UV-062g,UV-062g
VH-331a,Promitor
KQ-187d,KQ-187d
WB-501d,WB-501d
OS-099b,Penglai
XH-083d,XH-083d
PB-519b,PB-519b
PB-951b,PB-951b
PB-994a,PB-994a
PG-710g,PG-710g
PG-973a,PG-973a
RY-780c,RY-780c
OY-799f,OY-799f
CB-045c,CB-045c
KQ-187c,KQ-187c
XH-083f,XH-083f
PB-519c,PB-519c
PD-754f,PD-754f
KW-358h,KW-358h
OT-442b,Danakil
BS-658j,BS-658j
PB-951c,PB-951c
WO-617d,WO-617d
PB-994c,PB-994c
RY-780a,RY-780a
WO-452f,WO-452f
QJ-149g,QJ-149g
XG-430a,XG-430a
PG-710c,PG-710c
PG-502c,PG-502c
PG-971f,PG-971f
UQ-965i,UQ-965i
XH-083g,XH-083g
PB-296a,PB-296a
KI-439f,KI-439f
LS-483e,LS-483e
PB-132b,PB-132b
PG-710d,PG-710d
PG-502e,PG-502e
PG-971g,PG-971g
PG-973g,PG-973g
OT-627d,OT-627d
OT-680b,OT-680b
OT-113c,OT-113c
NL-881f,NL-881f
NL-506f,NL-506f
LS-621d,LS-621d
LS-123c,LS-123c
LS-271h,LS-271h
XH-083e,XH-083e
PB-296f,PB-296f
PB-994d,PB-994d
KI-439g,KI-439g
RC-639a,RC-639a
KW-950b,KW-950b
SL-542a,SL-542a
LB-428h,LB-428h
LB-476a,LB-476a
PB-132d,PB-132d
NL-506g,NL-506g
IC-945b,IC-945b
AU-709d,AU-709d
LS-483a,LS-483a
UB-282c,UB-282c
RC-040d,Alexandria
MG-197b,MG-197b
SE-648b,SE-648b
DC-970a,DC-970a
LB-476d,LB-476d
YA-462b,YA-462b
KI-439h,KI-439h
DC-724i,DC-724i
CC-541a,CC-541a
KQ-451a,KQ-451a
QF-899b,QF-899b
QF-755a,QF-755a
QF-804e,QF-804e
PB-296d,PB-296d
PB-951d,PB-951d
PB-994f,PB-994f
PB-132c,PB-132c
LS-621c,LS-621c
LS-483f,LS-483f
YA-462c,YA-462c
NH-565a,NH-565a
VH-331g,Avalon
SL-542f,SL-542f
KI-439e,KI-439e
UB-282f,UB-282f
WO-452e,WO-452e
WO-491a,WO-491a
DC-724a,DC-724a
JS-601f,JS-601f
WO-452c,WO-452c
CC-848a,CC-848a
RV-854a,RV-854a
WO-491d,WO-491d
WX-031c,WX-031c
WX-150a,WX-150a
YA-424a,YA-424a
HV-472c,HV-472c
YP-225d,YP-225d
PB-296c,PB-296c
RY-780f,RY-780f
DC-724g,DC-724g
YA-424i,YA-424i
KI-439i,KI-439i
UB-282d,UB-282d
AW-066e,AW-066e
LS-123d,LS-123d
SO-122f,SO-122f
UV-795b,UV-795b
PB-951a,PB-951a
LS-271e,LS-271e
IC-945c,IC-945c
MG-197f,MG-197f
SL-542c,SL-542c
DC-724d,DC-724d
RC-944a,RC-944a
RC-944f,RC-944f
UV-234g,UV-234g
OZ-189g,OZ-189g
KW-602d,KW-602d
GY-811b,GY-811b
HM-301d,HM-301d
OS-099d,Yingzhou
UB-282g,UB-282g
XH-594d,XH-594d
UV-795g,UV-795g
QJ-382h,QJ-382h
JS-367d,JS-367d
PG-027b,PG-027b
YI-683h,YI-683h
IZ-455b,IZ-455b
UV-795i,UV-795i
UV-234e,UV-234e
OF-504f,OF-504f
UB-282j,UB-282j
YW-685b,YW-685b
QJ-382b,QJ-382b
DC-724h,DC-724h
RC-944b,RC-944b
RC-944e,RC-944e
UV-072e,UV-072e
AM-528h,AM-528h
IZ-455e,IZ-455e
IZ-455g,IZ-455g
TO-392h,TO-392h
GY-811c,GY-811c
WO-452d,WO-452d
UB-282b,UB-282b
XH-594b,Kiruna
UB-282i,UB-282i
OP-533g,OP-533g
WO-452i,WO-452i
PB-296b,PB-296b
UV-795e,UV-795e
IZ-455i,IZ-455i
QJ-382f,QJ-382f
WO-491e,WO-491e
OZ-189e,OZ-189e
GH-780e,GH-780e
AM-884b,AM-884b
UQ-875b,UQ-875b
GY-811j,GY-811j
IZ-455f,IZ-455f
UV-072f,UV-072f
OP-533b,OP-533b
PB-951g,PB-951g
PB-994e,PB-994e
UB-282e,UB-282e
JS-570a,Singren
PG-241e,PG-241e
PB-673d,PB-673d
PG-502b,PG-502b
PD-518e,PD-518e
PG-971i,PG-971i
OZ-189d,OZ-189d
TO-392b,TO-392b
HM-517a,HM-517a
OP-533e,OP-533e
RC-944g,RC-944g
PB-951e,PB-951e
PB-994g,PB-994g
PB-673b,PB-673b
PG-241f,PG-241f
ZV-307d,Phobos
PG-973b,PG-973b
OT-823e,OT-823e
OT-680i,OT-680i
UV-234f,UV-234f
AM-528a,AM-528a
AM-528b,AM-528b
LS-271a,LS-271a
LS-271g,LS-271g
ZV-639d,Ashyn
OZ-189f,OZ-189f
AJ-946e,AJ-946e
XH-594c,Cortez
AM-528f,AM-528f
PG-899c,PG-899c
HM-517i,HM-517i
GY-811a,GY-811a
YP-951b,YP-951b
OP-533a,OP-533a
JS-753b,JS-753b
UV-234b,UV-234b
OT-442a,OT-442a
UV-795f,UV-795f
QJ-382d,QJ-382d
YW-523b,YW-523b
JS-913a,JS-913a
IA-093b,IA-093b
LB-599c,LB-599c
LB-599h,LB-599h
GY-811e,GY-811e
OP-533f,OP-533f
PB-951i,PB-951i
RY-780g,RY-780g
YI-280d,YI-280d
UV-795a,UV-795a
JS-761b,JS-761b
UV-234c,UV-234c
AM-528c,AM-528c
LB-599b,LB-599b
LG-093c,LG-093c
RY-780d,RY-780d
WO-491i,WO-491i
AJ-293a,Damascus
PG-899a,PG-899a
XD-005d,XD-005d
WO-452g,WO-452g
WO-491c,WO-491c
QF-564a,QF-564a
JS-761d,JS-761d
VH-043d,VH-043d
IZ-455d,IZ-455d
HM-049a,HM-049a
GY-811f,GY-811f
OP-533c,OP-533c
GC-645b,Vault
IA-982d,IA-982d
LB-599e,LB-599e
RY-780i,RY-780i
EE-233b,EE-233b
PG-899e,PG-899e
QV-257b,QV-257b
XD-005f,XD-005f
QJ-382e,QJ-382e
JS-601b,JS-601b
GY-811h,GY-811h
RY-780e,RY-780e
QJ-650a,QJ-650a
PB-951f,PB-951f
RY-853c,RY-853c
PB-132a,PB-132a
AW-006e,Zephyrus
PG-241d,PG-241d
PG-971a,PG-971a
PG-973d,PG-973d
OT-823c,OT-823c
OT-680g,OT-680g
OT-113i,OT-113i
UV-795d,UV-795d
JS-570g,JS-570g
OT-442g,OT-442g
KW-358e,KW-358e
IZ-455c,IZ-455c
UV-072a,UV-072a
GY-811i,GY-811i
OP-533d,OP-533d
PB-994b,PB-994b
PB-673a,PB-673a
PB-132e,PB-132e
RY-853a,RY-853a
XV-158d,XV-158d
GY-694d,Cronus
KW-602b,KW-602b
VH-192c,VH-192c
JS-761a,JS-761a
QQ-001a,Circa
XG-430d,XG-430d
LB-599d,LB-599d
OF-375d,OF-375d
FK-317d,FK-317d
OF-208a,OF-208a
OF-208f,OF-208f
UV-234d,UV-234d
IZ-455h,IZ-455h
TD-260f,Tivalis
EZ-176b,EZ-176b
UB-860a,UB-860a
WO-491b,WO-491b
MG-197e,MG-197e
GC-645e,GC-645e
WX-031d,WX-031d
WX-031e,WX-031e
RY-853b,RY-853b
FW-344b,FW-344b
OF-208g,OF-208g
PD-518b,PD-518b
LG-093b,LG-093b
VH-192d,VH-192d
AM-528e,AM-528e
EY-577b,EY-577b
VH-192e,VH-192e
YK-024a,YK-024a
PG-899d,PG-899d
UP-972f,UP-972f
YP-888b,YP-888b
SE-648d,SE-648d
XG-430e,XG-430e
OT-442e,OT-442e
PD-175f,PD-175f
PD-175g,PD-175g
PD-518a,PD-518a
QJ-149e,QJ-149e
UB-860b,UB-860b
BS-658d,BS-658d
QJ-684f,QJ-684f
SO-122a,SO-122a
PG-241a,PG-241a
PG-710b,PG-710b
OT-823g,OT-823g
KW-020d,Kakrafoon Kappa
OT-580e,Fresnel Beacon
GY-986a,GY-986a
XG-430f,XG-430f
VH-874e,VH-874e
OF-208e,OF-208e
PD-518d,PD-518d
PD-175e,PD-175e
XG-430b,XG-430b
UB-860d,UB-860d
SE-052a,SE-052a
RY-853g,RY-853g
KC-832a,KC-832a
AM-695b,AM-695b
OY-799e,OY-799e
KW-689g,KW-689g
XG-326b,Titan
XG-430g,XG-430g
PD-518g,PD-518g
PD-518f,PD-518f
GM-212a,GM-212a
UB-860f,UB-860f
WB-948a,WB-948a
LG-093d,LG-093d
YI-705b,YI-705b
RY-872c,RY-872c
UP-972a,UP-972a
OY-799g,OY-799g
IZ-816a,IZ-816a
IZ-482a,IZ-482a
IZ-482e,IZ-482e
IZ-437b,IZ-437b
IZ-257a,IZ-257a
XG-430i,XG-430i
PD-518h,PD-518h
EZ-190a,EZ-190a
SO-122b,SO-122b
UP-972g,UP-972g
OF-208c,OF-208c
KW-689i,KW-689i
BS-531b,BS-531b
FK-317a,FK-317a
PB-132f,PB-132f
PG-241i,PG-241i
PG-710a,PG-710a
PG-502g,PG-502g
XG-430h,XG-430h
FK-317c,FK-317c
AM-528d,AM-528d
PD-175c,PD-175c
DW-456g,Orm
SE-110b,SE-110b
WB-948c,WB-948c
GY-110f,GY-110f
XG-287g,XG-287g
KW-689b,KW-689b
PG-241c,PG-241c
PG-502a,PG-502a
XG-430j,XG-430j
FK-317e,FK-317e
YI-265b,YI-265b
LS-227a,LS-227a
XG-452a,XG-452a
SO-122i,SO-122i
GY-110e,GY-110e
KW-689e,KW-689e
PG-241b,PG-241b
PG-710e,PG-710e
PG-971d,PG-971d
OT-113e,OT-113e
XU-112d,XU-112d
SO-715c,SO-715c
GM-332c,GM-332c
LG-913e,Kerfyland
JS-570b,JS-570b
HV-472e,HV-472e
WX-318b,WX-318b
YA-646f,YA-646f
CB-045b,Tacotopia
WX-031b,WX-031b
WX-318e,WX-318e
WX-150e,WX-150e
JY-136h,JY-136h
WX-150f,WX-150f
GH-209j,GH-209j
XG-452b,Bathys
GH-209g,GH-209g
HV-472d,HV-472d
HV-472f,HV-472f
HV-472a,HV-472a
UY-408e,UY-408e
UY-408c,UY-408c
UY-408d,UY-408d
UY-408b,UY-408b
UY-408f,UY-408f
UP-305a,UP-305a
UP-305f,UP-305f
UP-305c,UP-305c
UP-305g,UP-305g
UP-305d,UP-305d
UP-305e,UP-305e
UP-305b,UP-305b
EW-985g,EW-985g
EW-985f,EW-985f
EW-985h,EW-985h
EW-985d,EW-985d
EW-985b,EW-985b
EW-985a,EW-985a
EW-985c,EW-985c
EW-985e,EW-985e
YI-683b,YI-683b
VH-874a,VH-874a
UV-351c,Umbra
YV-800f,YV-800f
YV-800c,YV-800c
YV-800d,YV-800d
YV-800b,YV-800b
YV-800g,YV-800g
YV-800e,YV-800e
YV-599a,YV-599a
YV-599f,YV-599f
YV-599d,YV-599d
YV-599b,YV-599b
YV-599c,YV-599c
YV-599e,YV-599e
YV-131c,YV-131c
YV-131b,YV-131b
YV-131d,YV-131d
YV-441a,YV-441a
YV-441h,YV-441h
YV-441g,YV-441g
YV-441e,YV-441e
YV-391g,YV-391g
AM-783e,AM-783e
UV-062h,UV-062h
IY-206j,IY-206j
VH-331j,VH-331j
YV-131a,YV-131a
YV-131f,YV-131f
YV-391h,YV-391h
SG-195a,SG-195a
WX-150d,WX-150d
WX-318c,WX-318c
IC-162a,IC-162a
CB-045d,CB-045d
WX-556b,WX-556b
WU-882h,WU-882h
EE-233e,EE-233e
VH-043e,VH-043e
JY-136b,JY-136b
JY-136e,JY-136e
JY-136f,JY-136f
YV-131e,YV-131e
IC-162c,IC-162c
GY-919a,GY-919a
PD-175a,PD-175a
VH-241b,VH-241b
XD-055f,XD-055f
UB-808a,UB-808a
ZV-194d,Midas
VH-503c,VH-503c
BN-299e,BN-299e
YV-131g,YV-131g
YV-441b,YV-441b
IC-162b,IC-162b
QV-695b,QV-695b
EM-929c,EM-929c
EY-351g,EY-351g
YV-599g,YV-599g
YW-310f,YW-310f
YA-646d,YA-646d
UV-796c,UV-796c
YV-441c,YV-441c
QV-695a,QV-695a
IA-158c,IA-158c
LS-828a,LS-828a
XD-492e,XD-492e
HM-301b,Cadia
SO-838f,SO-838f
VH-778d,VH-778d
UQ-965j,UQ-965j
GM-332d,GM-332d
YV-441i,YV-441i
YV-441d,YV-441d
YV-391b,YV-391b
YV-391d,YV-391d
IC-162f,IC-162f
QV-695c,QV-695c
WX-150g,WX-150g
EE-233f,EE-233f
JY-136d,JY-136d
GH-209h,GH-209h
UX-674h,UX-674h
NL-506c,NL-506c
NH-000c,NH-000c
UI-550d,UI-550d
UI-206e,UI-206e
UI-206h,UI-206h
UI-973a,UI-973a
UI-550f,UI-550f
YV-441f,YV-441f
YV-391a,YV-391a
YV-391i,YV-391i
IC-162d,IC-162d
QV-695f,QV-695f
GY-528c,GY-528c
DW-835c,DW-835c
TO-392e,TO-392e
QF-930c,QF-930c
RC-944d,RC-944d
YV-391e,YV-391e
YV-391c,YV-391c
SG-195c,SG-195c
IC-548a,IC-548a
IC-548d,IC-548d
IC-548c,IC-548c
IC-548e,IC-548e
IC-548b,IC-548b
IC-548f,IC-548f
OY-036a,OY-036a
OY-036b,OY-036b
OY-036c,OY-036c
OY-036d,OY-036d
JS-572c,JS-572c
IC-162g,IC-162g
WB-501b,WB-501b
WB-947e,WB-947e
GH-384b,GH-384b
VH-331e,Shiptronia
OZ-189b,OZ-189b
VB-030a,VB-030a
VB-030b,VB-030b
VB-030d,VB-030d
VB-030c,VB-030c
VB-030e,VB-030e
HP-242a,HP-242a
HP-242c,HP-242c
HP-242d,HP-242d
HP-242b,HP-242b
QJ-382a,QJ-382a
YI-265g,YI-265g
DC-094a,DC-094a
DC-094e,DC-094e
DC-094f,DC-094f
DC-094c,DC-094c
DC-094b,DC-094b
DC-094d,DC-094d
QR-220a,QR-220a
QR-220c,QR-220c
QR-220b,QR-220b
QR-220g,QR-220g
QR-220d,QR-220d
QR-220e,QR-220e
QR-220f,QR-220f
BS-257a,BS-257a
BS-257b,BS-257b
BS-257d,BS-257d
BS-257e,BS-257e
BS-257c,BS-257c
BS-257f,BS-257f
BS-987a,BS-987a
BS-987c,BS-987c
BS-987d,BS-987d
BS-290a,BS-290a
BS-290e,BS-290e
IC-162e,IC-162e
QV-695e,QV-695e
EE-233d,EE-233d
OF-443b,Nova Kyushu
GH-209i,GH-209i
GH-459b,GH-459b
WX-318a,WX-318a
WX-556c,WX-556c
HY-608b,HY-608b
HY-608c,HY-608c
HY-608g,HY-608g
HY-784a,HY-784a
BS-987f,BS-987f
BS-987e,BS-987e
BS-290c,BS-290c
BS-290g,BS-290g
QV-695d,QV-695d
ZV-307g,ZV-307g
YI-683d,YI-683d
TO-392g,TO-392g
BI-500b,BI-500b
XD-311b,XD-311b
ZK-357e,Esmeralda
ZK-602b,ZK-602b
BS-290b,BS-290b
BS-290d,BS-290d
BS-290f,BS-290f
BS-409a,BS-409a
BS-409c,BS-409c
BS-409d,BS-409d
BS-409e,BS-409e
BS-409f,BS-409f
BS-409b,BS-409b
QV-695g,QV-695g
YI-280b,YI-280b
KC-765c,KC-765c
YK-649c,Ganymede
UI-986b,UI-986b
UI-986f,UI-986f
WX-285a,WX-285a
WX-285c,WX-285c
WX-285i,WX-285i
WX-691a,WX-691a
WX-691b,WX-691b
WX-691d,WX-691d
WX-691g,WX-691g
WX-827c,WX-827c
WX-827g,WX-827g
EE-154d,EE-154d
EE-860d,EE-860d
EE-860e,EE-860e
EE-981a,EE-981a
EE-981f,EE-981f
EE-981d,EE-981d
EE-223b,EE-223b
EE-223e,EE-223e
UI-986a,UI-986a
UI-986e,UI-986e
UI-986h,UI-986h
WX-285f,WX-285f
WX-285e,WX-285e
WX-285d,WX-285d
WX-691e,WX-691e
WX-827b,WX-827b
WX-827f,WX-827f
WX-827i,WX-827i
EE-154b,EE-154b
EE-154e,EE-154e
EE-860a,EE-860a
EE-860f,EE-860f
EE-981e,EE-981e
EE-981g,EE-981g
EE-223d,EE-223d
EE-223f,EE-223f
EE-223h,EE-223h
UI-986c,UI-986c
UI-986g,UI-986g
WX-285b,WX-285b
WX-285g,WX-285g
WX-285h,WX-285h
WX-691c,WX-691c
WX-691f,WX-691f
WX-827a,WX-827a
WX-827e,WX-827e
WX-827d,WX-827d
WX-827h,WX-827h
EE-154a,EE-154a
EE-154c,EE-154c
EE-154h,EE-154h
EE-154f,EE-154f
EE-154i,EE-154i
EE-154g,EE-154g
EE-860b,EE-860b
EE-860c,EE-860c
EE-981b,EE-981b
EE-981c,EE-981c
EE-223a,EE-223a
EE-223c,EE-223c
JY-143a,JY-143a
JY-143b,JY-143b
JY-427g,JY-427g
JY-313a,JY-313a
JY-313d,JY-313d
JY-313e,JY-313e
JY-327a,JY-327a
JY-327c,JY-327c
JY-327d,JY-327d
JY-327g,JY-327g
JY-457b,JY-457b
JY-457d,JY-457d
HY-865a,HY-865a
HY-865b,HY-865b
HY-865c,HY-865c
EE-223g,EE-223g
JY-143c,JY-143c
JY-143e,JY-143e
JY-143d,JY-143d
JY-427b,JY-427b
JY-427c,JY-427c
JY-427f,JY-427f
JY-313b,JY-313b
JY-327e,JY-327e
JY-327h,JY-327h
JY-327i,JY-327i
JY-327j,JY-327j
JY-457a,JY-457a
JY-457e,JY-457e
JY-457g,JY-457g
UY-408a,UY-408a
LB-428b,LB-428b
YI-705g,YI-705g
EE-223i,EE-223i
JY-143f,JY-143f
JY-143g,JY-143g
JY-427a,JY-427a
JY-427d,JY-427d
JY-427e,JY-427e
JY-313c,JY-313c
JY-313f,JY-313f
JY-327b,JY-327b
JY-327f,JY-327f
JY-457c,JY-457c
JY-457f,JY-457f
UV-796b,Proxion
KI-439d,KI-439d
KI-446a,Australia
UV-234a,UV-234a
HY-865e,HY-865e
HY-865d,HY-865d
HY-393a,HY-393a
HY-393e,HY-393e
HY-393d,HY-393d
HY-393b,HY-393b
HY-393f,HY-393f
HY-393c,HY-393c
HY-393g,HY-393g
HY-456a,HY-456a
HY-456b,HY-456b
HY-456c,HY-456c
HY-456e,HY-456e
HY-456d,HY-456d
GH-384a,GH-384a
GH-384e,GH-384e
GH-827a,GH-827a
GH-082h,GH-082h
GH-827b,GH-827b
GH-082f,GH-082f
GH-527b,GH-527b
GH-459a,GH-459a
KI-401b,Kiros
YI-552c,Ebonreef
GH-082e,GH-082e
GH-827f,GH-827f
GH-827d,GH-827d
GH-527c,GH-527c
GH-527e,GH-527e
GH-459d,GH-459d
VH-192b,VH-192b
TD-228b,Rhazes
EW-238c,Trail's End
YI-209b,YI-209b
XD-311c,XD-311c
WU-308c,WU-308c
OF-185d,OF-185d
GH-827e,GH-827e
GH-527d,GH-527d
GH-527f,GH-527f
LZ-189a,LZ-189a
LZ-189b,LZ-189b
LZ-189c,LZ-189c
LZ-189d,LZ-189d
LZ-259a,LZ-259a
LZ-259c,LZ-259c
LZ-259e,LZ-259e
LZ-259i,LZ-259i
LZ-259b,LZ-259b
LZ-259h,LZ-259h
LZ-259f,LZ-259f
LZ-259g,LZ-259g
LZ-259d,LZ-259d
LZ-088a,LZ-088a
IA-151e,IA-151e
LZ-088e,LZ-088e
LZ-088b,LZ-088b
LZ-270g,LZ-270g
LZ-270h,LZ-270h
LZ-813b,LZ-813b
AJ-946b,Benji World
IA-151b,IA-151b
WU-308a,WU-308a
LZ-088d,LZ-088d
LZ-270f,LZ-270f
LZ-270c,LZ-270c
LZ-270b,LZ-270b
LZ-813e,LZ-813e
BN-299d,Aranya
KI-840c,KI-840c
WB-947a,WB-947a
CH-115b,CH-115b
GY-694b,GY-694b
ZV-759c,Deimos
FK-037g,FK-037g
GY-135b,GY-135b
LZ-088c,LZ-088c
LZ-270i,LZ-270i
LZ-270e,LZ-270e
LZ-813d,LZ-813d
LZ-813c,LZ-813c
IA-151c,IA-151c
IA-158e,IA-158e
CC-541e,CC-541e
SE-751a,SE-751a
TD-260b,TD-260b
IY-028c,Electronica
KW-358c,Arrakis
WU-070c,WU-070c
LZ-088f,LZ-088f
LZ-270a,LZ-270a
LZ-270d,LZ-270d
LZ-813a,LZ-813a
WU-974b,WU-974b
YK-649b,Norwick
KW-602c,Sonos Malum
LA-236e,LA-236e
XD-311e,XD-311e
GC-032h,GC-032h
IA-093c,IA-093c
UB-860e,UB-860e
GH-209b,GH-209b
EL-179g,Veyra
WU-308b,WU-308b
LS-934c,LS-934c
WB-675c,Sand
QQ-001c,QQ-001c
KW-688b,KW-688b
WC-702j,WC-702j
OY-793f,OY-793f
XD-534d,XD-534d
LS-014b,LS-014b
LS-014c,LS-014c
LS-014d,LS-014d
IA-158b,IA-158b
QJ-149c,Nascent
QJ-684c,QJ-684c
SL-542b,SL-542b
ZV-307b,Bober
WC-803b,WC-803b
GH-384c,GH-384c
GY-252a,GY-252a
AM-695e,AM-695e
AJ-135e,AJ-135e
EY-493d,EY-493d
OT-442h,Manakil
FK-037f,Toktu
UB-282a,Florinia
KC-424e,KC-424e
HY-239b,HY-239b