Left,Right
YK-024,YK-715
YK-024,YK-590
YK-024,LE-137
YK-024,YK-649
XU-753,XU-397
XU-753,XU-100
IV-102,IV-524
IV-102,IV-738
CH-771,CH-657
CH-771,SO-953
SL-806,SL-132
SL-806,SL-620
SL-806,SL-027
AU-522,AU-322
KI-448,KI-401
KI-448,KI-840
KI-448,KI-439
KI-448,OE-073
EX-292,IC-012
EX-292,EX-740
KW-602,LS-231
KW-602,KW-976
KW-602,KW-688
KW-602,KW-358
QJ-650,WU-308
QJ-650,QJ-382
QJ-650,QJ-684
LS-621,LS-483
LS-621,LS-227
LS-621,LS-923
LS-621,LS-763
LS-621,NH-565
KC-220,KC-452
KC-220,KC-051
KC-220,KC-421
QV-257,QV-783
QV-257,QV-420
QV-257,IZ-816
QV-257,QV-164
NG-574,NG-848
NG-574,NG-114
KQ-205,KQ-187
KQ-205,KQ-833
UP-573,UP-170
LB-476,LB-428
LB-476,DW-835
LB-476,LB-716
GY-135,GY-694
DX-325,UX-617
DX-325,DX-853
DX-325,AX-872
HM-223,HM-517
HM-223,HM-365
HM-223,HM-301
FW-039,FW-129
UQ-194,UQ-807
UQ-194,UQ-010
TD-228,TD-152
TD-228,PG-899
TD-228,PB-519
OP-418,OP-630
OP-418,OP-649
OP-418,OP-802
IV-543,VV-980
IV-543,IV-313
XU-100,XU-112
LZ-189,LZ-088
LZ-189,LZ-259
EY-493,EY-351
EY-493,HV-813
EY-493,EY-363
QF-930,QF-757
QF-930,QF-764
QF-930,QF-755
IZ-654,IZ-768
IZ-654,IV-313
IZ-654,LS-436
IZ-654,FA-035
WO-099,WO-404
WO-099,WO-907
IC-945,IC-530
IC-945,IC-685
EW-238,CG-281
EW-238,EW-604
EW-238,EW-274
EW-238,EW-943
AU-290,AU-130
AU-290,AU-686
AU-290,AU-709
PB-519,PB-132
PB-519,PB-296
PB-519,PB-951
SG-195,SG-928
SG-195,QF-755
BS-531,FK-317
BS-531,SB-838
AX-908,AX-558
AX-908,AX-128
AX-908,AX-872
DW-419,DW-739
DW-419,DW-456
XH-265,XH-807
XH-265,XH-329
XH-265,UV-796
AW-066,AW-726
AW-066,AW-844
YP-922,YP-819
YP-922,YP-131
YP-922,YP-888
YP-922,JK-749
YP-922,YP-278
QV-420,QV-695
KW-626,XH-668
KW-626,KW-976
KW-626,KW-950
IZ-437,IZ-468
IZ-437,IZ-054
IZ-437,IZ-482
IZ-437,IZ-816
WU-504,WU-013
AU-130,AU-709
EM-759,YP-225
EM-759,EM-789
EM-759,EM-929
IZ-816,IZ-482
OS-456,OS-416
OS-456,OS-550
UP-102,UP-972
UP-102,UP-305
DW-835,DW-739
DW-835,DW-456
KC-452,KC-051
KC-452,KC-765
UI-973,UI-491
KC-765,KC-832
KC-765,KC-421
RV-188,SG-875
RV-188,RV-084
OP-248,OP-533
IV-876,IV-524
IV-876,VB-030
ZK-602,UP-972
ZK-602,ZK-357
ZK-602,ZK-780
RC-323,RC-668
RC-323,RC-944
CC-558,NH-555
CC-558,CC-541
CC-558,CC-848
NL-881,NL-534
NL-881,NL-743
NL-881,AW-006
NL-881,NH-000
NL-881,NL-506
BI-805,BI-373
PB-296,PB-951
PB-296,ZK-990
PB-296,PB-673
SG-875,SG-928
KC-832,KC-424
EW-652,EW-274
EW-652,AU-876
EW-652,EW-985
QQ-001,QQ-645
QQ-001,QQ-082
QQ-001,OT-115
OY-661,OY-717
OY-661,OY-719
LS-923,LS-483
LS-923,LS-271
LS-923,LS-123
HV-194,HV-780
HV-194,HV-813
HV-194,HV-594
AU-322,AU-686
AU-322,AU-605
VH-241,VH-043
VH-241,VH-503
VH-241,GY-919
NG-848,NG-114
NG-848,NG-164
OE-073,OE-563
OE-073,OE-568
OE-073,OE-462
EM-355,VI-270
EM-355,EM-398
EM-355,EM-929
EM-355,VV-980
EM-355,EM-789
HP-933,HP-937
HP-933,HP-242
HP-933,HP-454
HP-933,ZK-357
KC-544,KC-051
WX-556,WX-318
WX-556,WX-827
XV-396,XV-374
XV-396,XV-825
XH-668,XH-329
LS-123,FA-382
LS-123,LS-436
OY-036,OY-701
OY-036,UY-408
XG-751,XG-452
XG-751,XG-287
XG-751,XG-326
HP-242,HP-937
CG-856,CG-281
CG-856,LG-672
CG-856,CG-044
YK-649,YK-005
YK-649,ZV-896
UV-135,UV-796
BN-901,BN-436
DW-739,DW-161
DW-739,OT-580
AM-528,AM-001
SL-132,SL-542
LG-150,LG-758
LG-150,LG-298
WO-740,WO-052
CB-276,CB-528
CB-276,CB-045
CB-276,SO-014
JS-299,JS-601
PG-027,PB-951
PG-027,PG-502
PG-027,PG-241
OS-057,OS-053
OS-057,OS-189
OS-057,AS-479
SB-838,VH-331
SB-838,BS-788
SB-838,UB-860
KW-688,KW-976
FA-320,EZ-176
FA-320,FA-056
XH-329,XH-556
LS-231,LE-137
LS-231,LS-828
LS-231,LS-746
LS-231,LS-300
OF-443,OF-375
OF-443,OF-208
OF-443,OF-935
YI-715,YI-280
YI-715,YI-683
JS-761,JS-601
QF-755,QF-564
OY-717,OY-569
OY-717,OY-793
OT-889,XG-430
OT-889,TO-392
OT-889,OT-115
YI-059,YI-280
YI-059,WB-675
HM-910,HM-049
YA-462,YA-471
YA-462,YA-711
YA-462,YA-424
YA-462,YA-997
WB-501,WB-947
WB-501,WB-675
WB-501,XG-326
WB-948,WB-947
LG-758,LG-298
LG-758,LG-913
EW-445,EW-985
EW-445,EW-274
OS-099,OS-416
OS-099,OS-476
QQ-786,OP-964
QQ-786,QQ-082
IY-387,IY-028
IY-387,IY-964
GH-827,GH-082
BN-516,BN-908
AX-013,AX-215
AX-013,AX-558
AX-013,AX-128
JY-313,JY-457
OF-363,OF-552
WU-974,WU-070
WU-974,EW-604
AW-006,AW-844
UB-860,UB-402
UB-860,UB-282
UB-860,UB-557
SL-542,SL-006
SL-542,SL-027
SL-542,OF-098
CC-674,CC-541
CC-674,XU-397
GY-919,GY-252
WR-186,WR-667
WR-186,WR-709
WR-186,WR-681
WR-186,WR-530
IZ-468,IZ-257
OT-115,OT-442
NL-534,NL-044
NL-534,LS-763
HV-472,HV-322
HV-472,QR-166
HV-472,QR-971
HV-472,HV-594
LS-014,LS-934
LS-014,LS-746
LS-014,LE-137
LS-014,LS-828
OT-627,OT-823
OT-627,OT-680
WR-453,WR-709
XS-538,XS-072
XS-538,XS-804
WU-013,WU-882
WU-013,WU-070
WX-150,WX-318
WX-150,WX-285
WX-150,WX-031
KQ-187,KQ-833
KQ-187,KQ-520
KQ-187,RV-276
HY-784,HY-393
YP-819,YP-916
YP-819,YP-225
YP-819,YP-131
YW-650,YW-310
YW-650,YW-338
IA-603,IA-151
IA-603,LS-934
BN-805,BN-299
WO-907,WO-052
DC-970,DC-823
DC-970,DC-724
DC-970,DC-094
QR-697,QR-971
QR-697,QR-119
OF-375,OZ-189
VH-192,PD-175
VH-192,VH-331
VH-192,VH-874
OY-799,YI-265
OY-799,FW-691
OY-799,UP-170
OY-799,UY-408
OF-935,OF-586
OS-476,OS-803
OS-476,GM-332
UQ-328,UQ-965
UQ-328,SL-620
QV-695,QV-312
QV-695,QV-865
HY-865,HY-239
HY-865,HY-393
RY-872,CH-115
RY-872,RY-853
RY-872,RY-780
NJ-874,SG-779
NJ-874,NJ-605
BI-417,BS-257
BI-417,BI-373
BI-417,BI-500
XH-400,XH-807
XH-400,KW-976
XH-400,XH-594
BS-257,BS-987
UQ-010,UQ-553
CG-021,SE-751
CG-021,CG-339
CG-021,CG-281
GM-498,GM-844
GM-498,AU-709
GM-498,GM-037
CH-657,CH-913
CH-657,CB-528
CH-131,CH-115
CH-131,CH-913
CH-131,CH-364
LS-436,LS-271
LS-436,LS-227
LS-436,LS-483
FA-382,FA-056
IA-158,IA-093
IA-158,UB-402
IA-158,IA-151
QR-166,QR-646
AU-686,EW-369
AU-686,AU-876
SE-751,SE-648
VV-980,XD-005
VV-980,IZ-455
FW-691,FW-344
JP-324,JS-829
JP-324,JS-572
JP-324,KC-051
JP-324,JS-753
AM-644,AM-978
AM-644,AM-001
AM-644,AM-884
AM-644,AM-695
AM-644,YW-338
HV-029,HV-780
RG-716,IZ-768
AM-978,AM-001
AM-978,AM-429
XD-055,XD-311
XD-055,XD-354
XD-055,XD-492
XD-055,XD-005
EY-430,EY-303
EY-430,AJ-300
YK-715,IY-816
GM-844,GK-619
GM-844,GM-212
XD-354,EM-929
EX-183,EX-071
EX-183,VI-001
EX-183,EX-389
IV-738,QR-119
IV-738,IV-942
NJ-438,NJ-215
NJ-438,GK-996
VB-576,VB-292
VB-576,VB-030
VB-576,VB-340
AM-884,HM-517
AM-884,AM-783
AM-884,AM-001
AM-884,UQ-965
XG-452,XG-430
BI-373,GK-219
BI-373,NJ-257
OT-580,TO-392
OT-580,OT-442
QV-312,QV-266
QV-312,QV-865
QV-312,WC-702
EZ-176,EZ-190
EZ-176,EZ-476
EZ-176,EZ-969
KC-421,KC-424
EX-071,EX-389
HV-780,HV-322
HV-780,HV-512
UQ-807,UQ-965
UQ-807,UQ-553
UQ-807,UQ-875
QQ-645,QQ-033
QQ-645,QQ-082
ZK-357,ZK-780
JS-601,JS-913
JS-601,JS-952
EX-326,EX-740
EX-326,EX-925
EZ-566,EZ-476
EZ-566,EZ-190
NL-983,NL-743
NL-983,NL-506
CG-339,CG-281
CG-339,CG-044
CG-339,LG-430
EX-389,EX-925
EX-389,EX-740
LG-093,LG-672
LG-093,LG-907
LG-093,LG-430
IC-259,IC-548
GC-025,YA-997
GC-025,GC-231
YI-552,RC-659
YI-552,YI-280
WR-667,OE-568
WR-667,WR-530
IY-964,IY-112
IY-964,IY-206
KI-401,KI-840
KI-401,WU-308
KI-401,KI-446
OS-898,GM-332
OS-898,OS-803
AW-726,EY-358
AW-726,AW-844
LB-056,LB-428
TD-331,TD-260
TD-331,TD-552
JS-367,JS-913
JS-367,HM-301
XD-492,QQ-082
GK-439,GK-462
GK-439,GK-996
VB-030,VB-292
UB-557,UB-808
YK-005,QJ-149
YK-005,YK-266
JS-309,JS-829
JS-309,AJ-293
PG-899,PG-710
SG-135,SG-779
JK-978,JK-776
JK-978,XV-374
HM-365,HM-517
HM-365,OF-552
KW-020,UV-351
KW-020,KW-358
FA-056,EZ-969
FA-056,FA-042
LG-430,FK-317
GC-728,XV-825
GC-728,GC-231
GC-728,GC-645
GC-728,GC-474
OS-416,OS-550
UV-072,UV-795
UV-072,JS-952
UV-072,UV-351
SG-779,SG-928
YK-590,YK-266
LZ-088,LZ-259
LZ-088,LZ-813
LZ-088,LZ-270
EY-363,EY-358
SE-866,IA-151
SE-866,SE-648
UI-491,UI-986
EZ-476,IC-685
ZK-990,ZK-768
ZK-990,ZK-780
FW-344,CH-364
FW-344,FW-129
FW-344,FW-918
IA-982,IA-093
IA-982,IA-151
AJ-300,AJ-135
AJ-300,AJ-505
WC-788,WC-299
WC-788,TD-203
WC-788,WC-803
FK-794,FK-037
FK-794,FK-371
WU-308,WU-070
QF-497,QF-899
QF-497,QF-764
ZK-780,ZK-768
WX-318,WX-918
OS-550,OS-803
YP-131,YP-888
UP-305,UP-972
UP-305,UP-170
UX-974,UX-617
UX-974,UX-357
VI-270,VI-429
VI-270,VI-291
QQ-082,LB-506
GC-231,GC-602
OP-802,OP-533
OP-802,OP-649
UP-170,UP-462
UP-170,UP-972
DW-456,RC-040
VH-874,VH-043
VH-874,VH-331
EY-358,EY-303
GY-986,GY-252
GY-986,GY-110
GY-986,GY-811
LS-763,LS-483
LB-716,LB-428
LB-716,LB-506
GH-780,GH-527
XD-005,XD-436
XD-005,XD-027
XD-005,XD-534
PD-718,UB-808
PD-718,PD-175
PD-518,PD-754
PD-518,PD-175
XU-145,XU-499
XU-145,XU-397
QJ-149,QJ-684
QJ-149,IY-816
MG-483,OE-563
MG-483,WR-709
MG-483,MG-197
LS-934,ZV-194
LS-934,LS-300
LS-934,LS-746
OP-964,OP-533
OP-964,IV-583
JS-869,JS-572
EE-233,EE-981
HY-608,HY-393
OY-793,OY-719
CB-045,JS-570
EE-981,EE-860
EE-981,EE-223
FK-371,JS-829
MG-594,MG-197
KC-424,KQ-966
IC-012,IC-162
RV-854,RV-276
RV-854,RV-084
NG-246,NG-114
NG-246,NG-164
GY-252,OF-586
OT-364,OT-680
UX-755,UX-357
DW-161,XH-556
DW-161,RC-796
DW-161,XH-594
BN-299,BN-386
BN-299,BN-886
BS-987,BS-290
BS-987,BS-409
GM-212,GM-332
JS-829,JS-572
JS-829,JS-753
AN-240,AM-371
AN-240,AM-628
YP-225,YP-951
EE-860,EE-223
EE-860,EE-154
AM-462,AM-628
AM-462,AM-371
NJ-215,NJ-094
LG-854,LG-262
LG-854,FK-037
OT-823,OT-680
OT-823,OT-113
GY-110,GY-811
JY-457,JY-136
AJ-768,AJ-575
AJ-768,AJ-293
AJ-768,AJ-505
YA-997,YA-646
AJ-505,AJ-575
AJ-505,AJ-120
NJ-094,NJ-257
NJ-094,NJ-605
NJ-094,NJ-553
RC-040,RC-944
RC-040,XH-556
RC-040,RC-796
JS-637,JS-009
JS-637,JS-572
JS-637,JS-753
BI-500,BS-290
LG-418,LG-913
LG-418,LA-236
EM-929,EM-988
HY-456,HY-393
IY-028,IY-816
IY-028,IY-206
OS-189,KC-051
OS-189,OS-209
AJ-575,AJ-946
AJ-575,AJ-293
NJ-257,NJ-325
VH-503,VH-778
ZV-639,ZV-307
ZV-639,SE-110
QJ-684,ZV-307
OF-098,OF-732
OF-098,OF-883
UI-986,UI-199
UI-986,UI-206
GH-384,GH-459
GH-384,GH-082
OF-208,PD-175
EY-577,EY-847
NG-164,YV-131
TD-298,TD-552
TD-298,TD-260
YV-131,YV-800
YV-131,YV-599
LA-236,LG-298
LA-236,LG-913
IV-942,IV-524
RC-639,WB-675
RC-639,RC-659
JS-753,JS-572
EM-009,EM-988
VB-292,VB-340
YW-685,YW-338
YW-685,YW-523
UX-617,UX-674
UX-617,AX-128
BS-409,BS-865
BS-409,BS-290
AM-371,RY-780
BS-788,BS-658
GH-082,GH-527
EW-943,EW-369
QF-764,QF-757
GH-459,GH-209
GH-459,GH-527
CB-528,CB-282
CB-282,UV-062
VI-291,VI-429
VI-291,VI-001
YW-338,YW-240
YW-338,YW-523
SE-052,SE-648
SE-052,SE-110
PD-754,PD-175
GY-528,AW-284
GY-528,GY-811
XH-594,XH-083
XH-594,XH-556
YI-705,FW-918
YI-705,YI-209
YI-705,YI-683
QR-119,QR-646
QR-119,QR-220
EW-604,EW-274
XU-112,XU-210
XU-112,AX-558
XU-112,XU-499
MG-197,MG-630
MG-197,WR-709
MG-197,MG-708
MG-197,MG-623
YP-951,YP-916
WO-617,WO-452
SO-832,SO-028
SO-832,SO-122
SO-832,SO-953
SO-832,SO-245
AX-128,AX-383
AX-128,AX-215
RY-305,RY-780
RY-305,RY-853
IC-548,IC-685
GK-258,GK-462
FA-035,FA-042
NH-565,NH-555
NH-565,NH-613
NH-565,NH-000
FK-317,FK-037
FK-317,AJ-946
PB-994,PB-951
PB-994,PB-673
OF-552,OF-259
VH-778,OZ-189
VH-778,VH-331
ZV-307,ZV-759
AU-605,GK-115
AU-605,GM-037
QV-266,QV-164
IA-093,IA-335
JK-749,JK-758
DC-094,EL-179
OZ-189,LB-599
UV-351,UV-796
YW-310,YW-523
YW-310,OY-569
AW-284,AW-844
OS-053,IV-524
OS-053,OS-209
JS-009,AJ-293
XV-857,XV-825
XV-857,XV-374
UI-199,UI-550
UI-199,UI-938
EX-740,EX-925
BS-290,BS-865
LS-300,LS-746
CH-364,CH-913
TO-392,WB-675
PB-673,PB-132
LS-483,LS-271
HV-322,CC-541
OF-259,OF-504
OF-259,OF-883
OF-259,OF-185
HM-049,HM-517
TD-152,TD-203
XS-072,XS-804
GK-462,GK-115
GK-462,GK-619
GK-462,GK-476
DX-853,DX-561
DX-853,DX-916
SL-006,EL-952
JS-952,JS-570
JS-952,KW-689
UV-062,UV-795
WX-827,WX-691
BN-908,BN-436
BN-908,BN-386
SO-028,SO-838
SO-028,SO-122
AJ-293,AJ-946
QF-804,QF-564
QF-804,RV-084
HY-239,HY-976
SE-648,UB-282
EW-985,EW-274
JS-913,KW-689
LG-913,XS-305
UB-808,UB-402
AM-783,OF-185
IZ-455,IZ-768
RC-796,UV-795
OP-533,XD-436
EL-768,EL-952
JY-427,JY-143
JY-427,JY-136
ZV-194,ZV-759
TD-552,TD-203
ZV-896,ZV-759
IV-583,IV-313
UV-234,UV-795
JK-776,JK-782
TD-203,TD-260
PG-710,PG-502
PG-710,PG-971
PG-710,PG-973
YA-646,YA-471
YA-646,YA-424
VH-043,VH-331
CC-848,CC-541
GK-219,GK-476
AX-383,AX-558
LB-599,LB-428
MG-708,MG-630
MG-708,MG-885
LB-428,OT-442
OF-883,UQ-965
WC-803,WC-702
WC-803,WC-299
WO-052,WO-491
WR-681,WR-709
RV-276,RV-084
SO-014,SO-715
JK-758,JK-782
JK-758,XG-430
KQ-966,KQ-520
KQ-966,KQ-451
GC-474,GC-032
DX-916,DX-561
IC-162,XS-804
IC-162,IC-748
QF-564,YV-441
QF-564,QF-899
PG-973,PG-502
IC-685,IC-748
UX-357,UX-674
WX-691,WX-285
AJ-135,AJ-120
RC-659,RC-668
KI-080,IY-206
KI-080,KI-439
MG-885,MG-623
PG-971,PG-502
EY-847,EY-351
YV-391,YV-441
LB-506,OT-442
YV-800,YV-441
RY-853,SO-953
KQ-833,KQ-451
KQ-833,KQ-520
LG-598,LG-672
LG-598,LG-262
WO-491,WO-452
XU-210,XU-499
WR-709,OE-563
KI-439,KI-446
SO-245,SO-715
AM-695,AM-429
GM-332,GM-037
GY-694,GY-811
EL-179,EL-419
EL-179,EL-952
SO-715,SO-838
NH-555,XU-397
XS-804,XS-305
OY-719,OY-569
XG-287,XG-430
KW-358,KW-689
GC-645,GC-032
EY-303,EY-351
OE-462,OE-568
JY-136,JY-327
WC-299,WC-702
GC-032,IZ-054
IZ-257,IZ-911
IZ-054,IZ-911
OT-113,WC-702
IZ-911,XV-158
YI-209,YI-265
XV-158,XV-825
BS-658,AJ-946
SO-953,SO-122